,base-10,base-10,base-6,base-6,base-7,base-7,base-8,base-8,base-9,base-9,num_bases,num_bases,num_unique_bases,num_unique_bases,successes,successes
,mean,std,mean,std,mean,std,mean,std,mean,std,mean,std,mean,std,mean,std
0,0.44333333333333336,0.49677851089684516,0.04,0.19595917942265387,0.08833333333333333,0.28377906116476387,0.14666666666666667,0.3537733109712416,0.2816666666666667,0.4498116889939136,1.0,0.0,1.0,0.0,0.0,0.0
10,5.066666666666666,1.609002451486287,0.44666666666666666,0.6686969085883063,0.9016666666666666,0.8880675024393668,1.635,1.1380282656126528,2.87,1.508785383456953,10.92,0.28331372481167616,3.7733333333333334,0.724768162165591,0.013333333333333334,0.11469767022723543
20,9.556666666666667,2.3058163172483814,0.815,0.9455730185095843,1.7566666666666666,1.2796310232076926,3.1883333333333335,1.5597640491077098,5.34,2.121571744407119,20.656666666666666,0.6341310765308875,4.3566666666666665,0.6502221842484975,0.023333333333333334,0.1509598916563222
30,13.96,2.8050668441233264,1.1883333333333332,1.1163320394139973,2.56,1.563031243023205,4.696666666666666,1.942847280553868,7.833333333333333,2.5144029554194844,30.238333333333333,0.9281867029620489,4.62,0.5344155686354951,0.041666666666666664,0.19982631347136276
40,18.355,3.2304243787259055,1.5316666666666667,1.2297684967324354,3.3666666666666667,1.8236105822119852,6.108333333333333,2.244236445257542,10.238333333333333,2.864995152216183,39.6,1.271482074850713,4.75,0.45552167895721496,0.07666666666666666,0.2660618140374306
50,22.726666666666667,3.6127490302476786,1.8433333333333333,1.390007993582131,4.126666666666667,1.9867785203411288,7.46,2.5321400698486887,12.588333333333333,3.1631519969099746,48.745,1.6114098382058695,4.823333333333333,0.3984832353925176,0.07333333333333333,0.26068286394689655
60,27.061666666666667,4.0382996284189865,2.1333333333333333,1.4985177861992707,4.8566666666666665,2.2292275692615036,8.703333333333333,2.775245734865451,14.885,3.469645755212865,57.64,1.9288338445807074,4.865,0.35134266274773296,0.08333333333333333,0.27638539919628147
70,31.373333333333335,4.358587946673649,2.48,1.568311193609227,5.52,2.399916665219851,9.948333333333334,3.0636030893196504,17.048333333333332,3.8291857997345686,66.37,2.2707781338856816,4.908333333333333,0.2942740597168259,0.10833333333333334,0.3108009366495263
80,35.595,4.5115749282632285,2.755,1.6748059589098656,6.15,2.5359087785906937,11.183333333333334,3.278676901163367,19.073333333333334,4.081007500877967,74.75666666666666,2.6116640076565787,4.921666666666667,0.2686954078919516,0.12166666666666667,0.3269004265657817
90,39.608333333333334,4.777893247958653,3.005,1.7790376612090104,6.845,2.667890864834371,12.323333333333334,3.523084191759007,21.143333333333334,4.448534090636547,82.925,2.9460779012103493,4.9366666666666665,0.2435615368284214,0.12166666666666667,0.3269004265657817
100,43.55,5.066310294484543,3.2933333333333334,1.8566876120901108,7.403333333333333,2.7623641243607895,13.39,3.696561465289961,23.258333333333333,4.8060653229943595,90.895,3.2141315571498605,4.956666666666667,0.20360637405434062,0.145,0.3521008378291658
110,47.465,5.253453625949315,3.525,1.9363302920731251,7.928333333333334,2.8838395509382186,14.515,3.9089352770287715,25.223333333333333,5.067226942706311,98.65666666666667,3.6672590430577534,4.968333333333334,0.17511107586012092,0.17666666666666667,0.3813863599495336
120,51.428333333333335,5.546608323010454,3.725,2.0114774835097387,8.441666666666666,2.977683197088333,15.476666666666667,4.070969035609201,27.028333333333332,5.316721786548136,106.1,4.0476330531970595,4.9816666666666665,0.13415372608400403,0.175,0.37996710383926735
130,55.28333333333333,5.671248147943759,3.915,2.083532657131473,8.918333333333333,3.117958288510109,16.451666666666668,4.252567525102399,28.841666666666665,5.552770829855027,113.41,4.386938947983361,4.985,0.12155245781143313,0.19333333333333333,0.39491208585653
140,58.973333333333336,5.830319221296762,4.088333333333333,2.1518667606419197,9.346666666666666,3.2056963188812664,17.411666666666665,4.39683945831801,30.595,5.796634799605708,120.415,4.68537885341197,4.985,0.12155245781143312,0.215,0.4108223460329318
150,62.52,6.050035812566181,4.256666666666667,2.2107590451144867,9.76,3.2963211817620763,18.338333333333335,4.5855421950105555,32.27,6.050931057834543,127.145,5.080745516161977,4.985,0.12155245781143312,0.23166666666666666,0.42189717019935186
160,66.12,6.2026016047031876,4.415,2.280228424230053,10.131666666666666,3.377029842266056,19.19333333333333,4.671825719732655,33.85,6.327519261132273,133.71,5.3860220323846955,4.991666666666666,0.09090593428863125,0.22,0.4142463035441609
170,69.58333333333333,6.3710063743667815,4.543333333333333,2.306828029038049,10.53,3.5164992061234224,19.94333333333333,4.895929147998592,35.388333333333335,6.548093658123368,139.98833333333334,5.659934972143132,4.99,0.0994987437106615,0.25333333333333335,0.4349201714746671
180,72.915,6.565651148210665,4.66,2.331179958733342,10.905,3.5822676709964965,20.641666666666666,5.031891349736746,36.873333333333335,6.70899561948152,145.995,5.888546085410215,4.991666666666666,0.09090593428863125,0.29,0.45376205218153864
190,76.15,6.66889546076909,4.751666666666667,2.36008415575001,11.223333333333333,3.649217572150068,21.28,5.076901942457958,38.225,6.807425480067082,151.63,6.146524763365618,4.99,0.09949874371066136,0.2783333333333333,0.44817841189518387
200,79.42,6.808347817202059,4.835,2.3974517721948017,11.508333333333333,3.6482777519749736,21.873333333333335,5.246010124105957,39.60166666666667,6.962494564131126,157.23833333333334,6.352547826572335,4.995,0.07053367989832916,0.31833333333333336,0.4658296064251613
210,82.58833333333334,6.999442636540589,4.928333333333334,2.426217334773526,11.75,3.6983104250454693,22.411666666666665,5.3365591806789565,40.925,7.111917814485775,162.60333333333332,6.509172161052599,4.995,0.07053367989832934,0.31333333333333335,0.4638486343146394
220,85.64,7.066616352022141,4.983333333333333,2.4330479284679494,12.006666666666666,3.754102940635591,22.96,5.402320489073799,42.07333333333333,7.26644953804049,167.66333333333333,6.673329170827875,4.995,0.07053367989832934,0.30666666666666664,0.4611097724210831
230,88.62333333333333,7.225749480542174,5.03,2.456779735073265,12.211666666666666,3.804847419922236,23.42,5.484851866732596,43.18,7.511386911438747,172.465,6.957881023223474,4.995,0.07053367989832934,0.31,0.46249324319388985
240,91.55666666666667,7.414633429164847,5.07,2.4735467113708043,12.381666666666666,3.878487319676165,23.828333333333333,5.525896357655972,44.20333333333333,7.625308008351021,177.04,7.005121935650613,4.995,0.07053367989832916,0.33,0.4702127178203509
250,94.485,7.477952594126288,5.1066666666666665,2.473584892867482,12.446666666666667,3.8889358727320555,24.218333333333334,5.662213691559943,45.16166666666667,7.789877869531863,181.41833333333332,7.10961770342745,4.99,0.09949874371066209,0.3466666666666667,0.475908487935327
260,97.28333333333333,7.550919737945097,5.168333333333333,2.4657650379187044,12.588333333333333,3.874127500339771,24.496666666666666,5.7172244625828466,46.10333333333333,7.963624942337643,185.64,7.371141928719961,4.993333333333333,0.08137703743822401,0.37833333333333335,0.48497136227020804
270,100.05666666666667,7.635451671133949,5.215,2.4749629626858436,12.706666666666667,3.9404681053002957,24.76,5.831157689515861,46.85,8.175828194541925,189.58833333333334,7.6257587964885385,4.991666666666666,0.09090593428863057,0.37,0.48280430818293135
280,102.79333333333334,7.600698798283102,5.2316666666666665,2.4599452342594037,12.803333333333333,4.00724205519069,24.99,5.909588254128481,47.541666666666664,8.253176997711586,193.36,7.822003153498049,4.991666666666666,0.09090593428863057,0.39666666666666667,0.489205705426892
290,105.43833333333333,7.861691753192957,5.206666666666667,2.4462124919057104,12.91,4.044160399061014,25.245,6.029785098437038,48.29,8.423928220650195,197.09,8.080546598673465,4.993333333333333,0.08137703743822461,0.405,0.4908920451586057
300,107.99,7.964079775257569,5.17,2.4367533044333065,12.963333333333333,4.0039966144951835,25.401666666666667,6.080597329941286,49.005,8.583218607647526,200.53,8.070260218852917,4.991666666666666,0.0909059342886309,0.38,0.48538644398046404
310,110.54833333333333,8.044728950616603,5.181666666666667,2.4742670070593045,12.921666666666667,4.0127543186971,25.548333333333332,6.104724718518339,49.66,8.705997932460118,203.86,8.156412610128712,4.99,0.09949874371066227,0.405,0.4908920451586058
320,112.89333333333333,8.104234832618209,5.18,2.476072158345417,12.963333333333333,4.059801582453123,25.68166666666667,6.140873761571357,50.181666666666665,8.865776741054457,206.9,8.25893455598239,4.988333333333333,0.10738042445229681,0.4266666666666667,0.4945929864264362
330,115.25166666666667,8.315347089702408,5.165,2.4841715587562256,12.96,4.097365006928226,25.846666666666668,6.195145052557055,50.64,8.993538421185137,209.86333333333334,8.45998358285772,4.988333333333333,0.10738042445229681,0.4683333333333333,0.49899621463716853
340,117.48333333333333,8.325846636962646,5.133333333333334,2.5024432505497938,12.931666666666667,4.144514111717105,25.845,6.255742028994911,50.986666666666665,9.194010127372175,212.38,8.544136390921357,4.988333333333333,0.10738042445229681,0.44666666666666666,0.49714741833339054
350,119.65666666666667,8.317178340973316,5.088333333333333,2.507428408194782,12.891666666666667,4.138026569379286,25.845,6.283388814962831,51.388333333333335,9.384607817532315,214.87,8.706306143633286,4.988333333333333,0.10738042445229681,0.485,0.49977494935220607
360,121.78333333333333,8.31142119148237,5.025,2.4814730168457086,12.843333333333334,4.169986677303526,25.871666666666666,6.331287169464217,51.72666666666667,9.468471658908605,217.25,8.801372998951168,4.988333333333333,0.10738042445229681,0.485,0.4997749493522062
370,123.835,8.30127148895477,4.963333333333333,2.479648272549065,12.778333333333334,4.146789588210244,25.871666666666666,6.3868508585130535,52.04333333333334,9.631620955074084,219.49166666666667,8.973847032101439,4.988333333333333,0.10738042445229681,0.49333333333333335,0.49995555358007243
380,125.875,8.245364859523601,4.913333333333333,2.459503111515728,12.673333333333334,4.168927386697394,25.74,6.382716245194256,52.26,9.727918585185632,221.46166666666667,8.924602543282004,4.988333333333333,0.10738042445229681,0.5,0.5
390,127.89166666666667,8.337061665972147,4.876666666666667,2.4694376327865086,12.59,4.143496912834216,25.576666666666668,6.390158231391636,52.32666666666667,9.786042214410388,223.26166666666666,9.072294668690809,4.988333333333333,0.10738042445229681,0.5033333333333333,0.4999888887654317
400,129.66666666666666,8.256647153792047,4.795,2.4453305843314284,12.483333333333333,4.133165319165877,25.47,6.360746811499413,52.50833333333333,9.765240936892221,224.92333333333335,9.027040243377423,4.986666666666666,0.11469767022723523,0.53,0.49909918853871227
410,131.53333333333333,8.363345954554049,4.715,2.403561593413687,12.405,4.134526373520108,25.31833333333333,6.408093623605141,52.553333333333335,9.907092857588868,226.525,9.077410148274677,4.983333333333333,0.12801909579780976,0.5133333333333333,0.4998221906060425
420,133.39166666666668,8.475942261614469,4.66,2.382099913941476,12.298333333333334,4.163651909348598,25.218333333333334,6.450374450801719,52.56333333333333,9.94816510160989,228.13166666666666,9.139894085211774,4.983333333333333,0.1280190957978102,0.5366666666666666,0.4986537431480458
430,135.15333333333334,8.469739599827664,4.568333333333333,2.3349512248058235,12.14,4.179361992776726,25.023333333333333,6.498675933518218,52.568333333333335,10.03769548031597,229.45333333333335,9.16503258162361,4.9816666666666665,0.13415372608400483,0.55,0.49749371855330876
440,136.83833333333334,8.474601105001277,4.475,2.3128715917663953,11.983333333333333,4.166099961461426,24.855,6.497228255186973,52.571666666666665,10.1519225053955,230.72333333333333,9.268231882199661,4.9816666666666665,0.13415372608400483,0.5333333333333333,0.49888765156985887
450,138.47833333333332,8.507028303441537,4.385,2.3238133172295243,11.83,4.161862563804817,24.581666666666667,6.527378025584924,52.53666666666667,10.231421645543149,231.81166666666667,9.322349340280176,4.9816666666666665,0.13415372608400483,0.5683333333333334,0.4953085458131691
460,139.995,8.544489939916447,4.341666666666667,2.3133519451700875,11.663333333333334,4.1452770983641365,24.336666666666666,6.524568099797016,52.391666666666666,10.349634319895339,232.72833333333332,9.468255588485604,4.9816666666666665,0.13415372608400483,0.5833333333333334,0.4930066485916347
470,141.66666666666666,8.526755277100177,4.286666666666667,2.307485403830085,11.523333333333333,4.138774644209997,24.111666666666668,6.481964508456433,52.306666666666665,10.477720277914576,233.895,9.534007988948476,4.98,0.1400000000000004,0.56,0.49638694583963433
480,143.15666666666667,8.457075275899001,4.216666666666667,2.270768347693986,11.326666666666666,4.093485339197178,23.905,6.430601967675083,52.11333333333334,10.606624764216413,234.71833333333333,9.48818548980198,4.976666666666667,0.15095989165632262,0.59,0.4918333050943172
490,144.79833333333335,8.455826229424433,4.148333333333333,2.2538109700879696,11.185,4.051432874099405,23.658333333333335,6.481121087864006,51.906666666666666,10.710958044088414,235.69666666666666,9.700411789655593,4.975,0.15612494995995965,0.5583333333333333,0.49658556384798613
500,146.26166666666666,8.532283626842753,4.108333333333333,2.242007409047127,10.998333333333333,4.0085322195980275,23.39666666666667,6.410355337698178,51.77333333333333,10.811041680718008,236.53833333333333,9.681521775469442,4.975,0.15612494995995946,0.5833333333333334,0.49300664859163473
510,147.57166666666666,8.512433879658369,4.01,2.1946677804776495,10.841666666666667,3.990814105194856,23.131666666666668,6.361157957129793,51.565,10.900570703713939,237.12,9.753235360638026,4.973333333333334,0.16110727964792707,0.6,0.48989794855663443
520,149.00166666666667,8.490092101319563,3.9516666666666667,2.1854055052145873,10.67,3.947290209751491,22.835,6.355399934963443,51.24666666666667,10.93034715317354,237.705,9.838596190514172,4.971666666666667,0.16592334240713613,0.635,0.4814301610825814
530,150.40333333333334,8.391701588805189,3.8933333333333335,2.1498733812844795,10.485,3.964817145846701,22.481666666666666,6.260431073194736,50.81166666666667,10.891565416514844,238.075,9.73683940848705,4.97,0.17058722109231933,0.6233333333333333,0.4845501923319094
540,151.73666666666668,8.339303861167862,3.8183333333333334,2.1529817824485984,10.261666666666667,3.926388996973623,22.135,6.192746428954876,50.46,10.897785707809334,238.41166666666666,9.575778326358416,4.966666666666667,0.17950549357115053,0.6283333333333333,0.48324999281485415
550,152.94166666666666,8.341358635671343,3.736666666666667,2.1495710166346185,10.048333333333334,3.875048028376188,21.81833333333333,6.178079304192274,50.05833333333333,10.915963717825782,238.60333333333332,9.620775552013576,4.965,0.1837797594948916,0.6716666666666666,0.4696068095285199
560,154.17833333333334,8.377939119430774,3.6666666666666665,2.101322334996599,9.845,3.8311410397774024,21.531666666666666,6.184577368116777,49.70166666666667,11.045179818464804,238.92333333333335,9.71120258029641,4.965,0.1837797594948916,0.6466666666666666,0.47800511387315603
570,155.33833333333334,8.349482851583618,3.575,2.0746987733162605,9.66,3.7825564547450377,21.141666666666666,6.1012236932893655,49.29,11.134147175843028,239.005,9.537031770944246,4.961666666666667,0.19199971064793075,0.655,0.4753682782853704
580,156.47166666666666,8.333218499208787,3.493333333333333,2.035507034841421,9.466666666666667,3.712441544620231,20.81,6.038534590444936,48.93333333333333,11.1496885855864,239.175,9.446041940057933,4.96,0.19595917942265395,0.64,0.47999999999999976
590,157.52166666666668,8.326035304326355,3.421666666666667,2.020032315473087,9.251666666666667,3.692559711395644,20.42,5.976922284922239,48.54666666666667,11.155767815599056,239.16166666666666,9.389117666509224,4.955,0.20730412441627827,0.6883333333333334,0.4631744331842552
600,158.58666666666667,8.357181874824128,3.35,2.0035385363567784,9.058333333333334,3.7024672704682873,20.055,5.965901021639567,48.16,11.197368738532573,239.21,9.364608908011054,4.951666666666667,0.2144696300696714,0.6833333333333333,0.46517619123176235
610,159.73166666666665,8.287922772859863,3.2583333333333333,1.988700720459357,8.888333333333334,3.643148439956248,19.721666666666668,5.9400502710181025,47.655,11.192079416563603,239.255,9.428678327316081,4.951666666666667,0.2144696300696714,0.6783333333333333,0.46711585524602084
620,160.70666666666668,8.21283277695475,3.1766666666666667,1.977908547487022,8.73,3.6258929934569317,19.348333333333333,5.925115798212078,47.141666666666666,11.249811726819646,239.10333333333332,9.471148586922052,4.948333333333333,0.22135316176242403,0.6866666666666666,0.4638486343146394
630,161.78166666666667,8.139246313729274,3.111666666666667,1.9661800245371417,8.561666666666667,3.5617688333498285,19.0,5.875088651813406,46.61833333333333,11.241411412965705,239.07333333333332,9.573119774776778,4.943333333333333,0.23120457511813064,0.6733333333333333,0.46899419565230677
640,162.75166666666667,8.097118657618616,3.0233333333333334,1.9138413959596816,8.388333333333334,3.479587699075229,18.66,5.8669469630009985,46.01833333333333,11.24787374968661,238.84166666666667,9.505959388135889,4.9383333333333335,0.24054914027884075,0.68,0.46647615158762584
650,163.69,8.11339838374361,2.9183333333333334,1.8969266078463771,8.176666666666666,3.4504283147973873,18.235,5.793942957951864,45.4,11.192705958197367,238.42,9.444059861450828,4.931666666666667,0.2523170404251149,0.6933333333333334,0.46110977242108325
660,164.66,8.06480419270466,2.8316666666666666,1.865475066095019,7.963333333333333,3.3909667582498595,17.908333333333335,5.785896406108753,44.84166666666667,11.177504069434383,238.205,9.482069482273728,4.921666666666667,0.2686954078919516,0.72,0.4489988864128739
670,165.58166666666668,8.11069235981464,2.7516666666666665,1.8511250332943268,7.738333333333333,3.3406382457382136,17.545,5.724914118715376,44.21333333333333,11.238823584145955,237.83,9.443574535100572,4.911666666666667,0.28377906116476387,0.6983333333333334,0.4589813600669291
680,166.55,8.022312634147339,2.6633333333333336,1.8083110597706635,7.55,3.284940385050132,17.206666666666667,5.675146596246557,43.62166666666667,11.199934399609473,237.59166666666667,9.45577057791813,4.906666666666666,0.2908989897236193,0.69,0.4624932431938901
690,167.455,7.968352506426077,2.58,1.776776106698119,7.38,3.2432905101660765,16.85333333333333,5.643741863535421,43.086666666666666,11.23013010709236,237.355,9.46567351011009,4.898333333333333,0.3022094564297333,0.73,0.44395945760846284
700,168.35,7.8740607905535835,2.5116666666666667,1.7281581396259924,7.216666666666667,3.162233739340307,16.508333333333333,5.551269874742377,42.55,11.246369784660876,237.13666666666666,9.346014599222974,4.886666666666667,0.3169998247458344,0.7133333333333334,0.45220447685630866
710,169.15333333333334,7.8856296866867615,2.4516666666666667,1.707141047352428,7.045,3.1293729403827846,16.143333333333334,5.454000570427381,41.94166666666667,11.279402934355856,236.735,9.353507809016543,4.883333333333334,0.321022671404303,0.7516666666666667,0.4320461652287757
720,169.98166666666665,7.848226799022108,2.38,1.6878783526466892,6.843333333333334,3.1137526484220883,15.795,5.350355907164802,41.36666666666667,11.285782599753064,236.36666666666667,9.288284137677005,4.871666666666667,0.33446059392533745,0.725,0.44651427748729566
730,170.80833333333334,7.7613313219375515,2.296666666666667,1.6579069803687883,6.678333333333334,3.092711413774148,15.425,5.309523676062359,40.776666666666664,11.21606536278308,235.985,9.21709146097618,4.855,0.35210083782916635,0.71,0.4537620521815387
740,171.51833333333335,7.714898825576963,2.2266666666666666,1.6130578277159062,6.456666666666667,2.9991313557243395,15.058333333333334,5.2001535767919655,40.06666666666667,11.166865669868551,235.32666666666665,9.099264927576414,4.85,0.35707142142714193,0.7533333333333333,0.43107101760872446
750,172.29166666666666,7.669415268164549,2.151666666666667,1.5922721361487018,6.281666666666666,2.9488411094680753,14.711666666666666,5.144433615299381,39.38333333333333,11.110343029007804,234.82,9.050834215695255,4.836666666666667,0.36966952208094644,0.7533333333333333,0.43107101760872446
760,172.98833333333334,7.594396874597016,2.0733333333333333,1.560327600929438,6.11,2.9111108990670007,14.341666666666667,5.054529047190141,38.76166666666666,11.074062664121467,234.275,9.096118677765814,4.825,0.37996710383926746,0.7966666666666666,0.4024784328245315
770,173.745,7.4866531240601715,2.026666666666667,1.5262008022828708,5.928333333333334,2.877475262949948,14.001666666666667,4.982134471176868,38.123333333333335,11.027304999661318,233.825,8.9917207289076,4.818333333333333,0.3855695642667978,0.7683333333333333,0.421897170199352
780,174.40166666666667,7.428570783730159,1.95,1.4620191517213474,5.75,2.842094298224463,13.668333333333333,4.970076849394672,37.498333333333335,11.017561612665892,233.26833333333335,8.936423439435327,4.815,0.38829756630708034,0.7666666666666667,0.4229525846816492
790,175.08333333333334,7.441307382144313,1.8816666666666666,1.4506310887181306,5.585,2.807628002424824,13.331666666666667,4.8749356121103995,36.85333333333333,10.988258379844472,232.735,8.869316490012071,4.796666666666667,0.40247843282452933,0.75,0.4330127018922193
800,175.71333333333334,7.407731696605173,1.8183333333333334,1.4184488789597687,5.421666666666667,2.754486743882103,12.991666666666667,4.829934149539606,36.23166666666667,10.937610824835364,232.17666666666668,8.783628078546021,4.791666666666667,0.41019981580796394,0.76,0.42708313008125065
810,176.40166666666667,7.366161181752406,1.7383333333333333,1.377145800398617,5.2283333333333335,2.700530297717262,12.693333333333333,4.775558140736595,35.525,10.872106894863276,231.58666666666667,8.742948905006571,4.781666666666666,0.42110634708533295,0.77,0.4208325082500147
820,177.025,7.336964063334824,1.6733333333333333,1.3478212871973148,5.0633333333333335,2.6215750142911305,12.381666666666666,4.723628254730556,34.95666666666666,10.882009107799083,231.1,8.735941086492446,4.77,0.428680144941033,0.8066666666666666,0.39491208585653
830,177.59833333333333,7.252838333293338,1.6083333333333334,1.318432360376854,4.931666666666667,2.586567330566819,12.076666666666666,4.683387900037983,34.39833333333333,10.901207756737586,230.61333333333334,8.74798008431407,4.753333333333333,0.4387355569006094,0.8283333333333334,0.37709046954573416
840,178.24166666666667,7.183077141603193,1.56,1.307567716538353,4.805,2.570403664796641,11.743333333333334,4.569914903170765,33.81166666666667,10.831721803214032,230.16166666666666,8.625284375344132,4.74,0.44988887516807946,0.78,0.4142463035441608
850,178.82333333333332,7.104608050804456,1.5116666666666667,1.3050659838576093,4.685,2.527009101685231,11.473333333333333,4.543415259716231,33.225,10.718257398787681,229.71833333333333,8.433208003021285,4.726666666666667,0.4567518168789523,0.8133333333333334,0.38964371189873287
860,179.37833333333333,7.057043565749672,1.4716666666666667,1.2790089479315194,4.54,2.485638750904885,11.19,4.454649256675543,32.595,10.660252107713024,229.175,8.413543149787328,4.716666666666667,0.4615794141375432,0.8183333333333334,0.38556956426679806
870,179.93666666666667,7.033680086239029,1.4383333333333332,1.2778356267098305,4.398333333333333,2.4364586094484726,10.911666666666667,4.420467232720491,31.998333333333335,10.60117904868237,228.68333333333334,8.394028962436469,4.71,0.46465040621955933,0.8083333333333333,0.3936121892873174
880,180.52166666666668,6.9971087282931,1.3983333333333334,1.2621399376543883,4.238333333333333,2.3961491096247647,10.633333333333333,4.393429437492109,31.351666666666667,10.458712343729937,228.14333333333335,8.271202384713403,4.701666666666667,0.46832740209767465,0.8183333333333334,0.3855695642667983
890,180.99666666666667,6.907965611443704,1.36,1.2235467570414558,4.116666666666666,2.378316397977546,10.356666666666667,4.315799140625314,30.731666666666666,10.385229762611047,227.56166666666667,8.129546762000667,4.698333333333333,0.47328344807548706,0.8283333333333334,0.37709046954573416
900,181.54333333333332,6.8635356939570284,1.3166666666666667,1.1998842536770937,3.965,2.3396100102367483,10.073333333333334,4.23650275056627,30.155,10.3920310013651,227.05333333333334,8.117295663513126,4.68,0.4874423042781587,0.83,0.37563279941985683
910,182.06166666666667,6.777501793106041,1.275,1.1673509897769943,3.8183333333333334,2.290268664492344,9.785,4.170784298746064,29.623333333333335,10.390931409433684,226.56333333333333,8.013487935280674,4.668333333333333,0.49497194084333834,0.8133333333333334,0.3896437118987328
920,182.55,6.703046571025253,1.2216666666666667,1.1601137396345613,3.695,2.2513644011280496,9.501666666666667,4.102437960801144,29.001666666666665,10.339326084851411,225.97,8.005566813161952,4.6466666666666665,0.5051292463870566,0.8533333333333334,0.35377331097124165
930,183.095,6.511731080647188,1.175,1.1406321346808819,3.5833333333333335,2.2187959697898227,9.211666666666666,4.046010037335823,28.41,10.26508158759589,225.475,7.9937084635355555,4.628333333333333,0.5165887037952832,0.825,0.3799671038392674
940,183.60666666666665,6.413939680276244,1.1316666666666666,1.1214561466633017,3.465,2.1928919262015603,8.956666666666667,4.003930013818368,27.80666666666667,10.180010914641608,224.96666666666667,7.974055151273757,4.61,0.523991094071899,0.8316666666666667,0.3741620266972887
950,184.06166666666667,6.319113642135447,1.0866666666666667,1.116164065996669,3.3466666666666667,2.1555715921511167,8.715,3.9013384455423306,27.245,10.087201874983307,224.455,7.822487349515709,4.578333333333333,0.5390088640788304,0.84,0.3666060555964654
960,184.52833333333334,6.248135499668865,1.0566666666666666,1.1045914277334519,3.22,2.075636448578283,8.415,3.8457043134732416,26.698333333333334,9.971826841434602,223.91833333333332,7.680386094172323,4.565,0.5407787594448064,0.84,0.3666060555964653
970,185.025,6.176652950155659,1.0433333333333332,1.1036857443231813,3.1133333333333333,2.0307196316139335,8.21,3.7897977078818728,26.186666666666667,9.868053956525008,223.57833333333335,7.6692370691107365,4.555,0.5449541265097451,0.855,0.3521008378291662
980,185.445,6.164439012054,0.9983333333333333,1.070045429980536,3.013333333333333,1.9840586908881752,7.961666666666667,3.70992325467193,25.58,9.755524930349301,222.99833333333333,7.473843091446019,4.54,0.5462600113499069,0.8633333333333333,0.34349510751812495
990,185.86833333333334,6.148793693797919,0.97,1.0594495426084898,2.9133333333333336,1.9448621773505899,7.741666666666666,3.635693041070557,25.083333333333332,9.659868299079228,222.57666666666665,7.346254525644726,4.52,0.5534136487896433,0.8533333333333334,0.3537733109712416
1000,186.25166666666667,6.069733428157203,0.93,1.028801892170372,2.805,1.8974478473289682,7.513333333333334,3.584664868885558,24.541666666666668,9.583228260293561,222.04166666666666,7.228641911790125,4.498333333333333,0.5597593729054985,0.8566666666666667,0.3504124553849203
1010,186.60833333333332,5.930283626344435,0.9,1.0198039027185541,2.6933333333333334,1.8608122479772726,7.288333333333333,3.5324963631340855,23.99,9.519798667338861,221.48,7.153059951284249,4.48,0.5623759122390167,0.8633333333333333,0.34349510751812534
1020,187.03166666666667,5.825289453943229,0.8683333333333333,1.0087932835268554,2.6083333333333334,1.8004436181736463,7.04,3.5121313566930685,23.436666666666667,9.43553507874473,220.985,7.1408292002166425,4.461666666666667,0.5673304935299067,0.8616666666666667,0.34524950720054837
1030,187.44833333333332,5.759687250382803,0.83,0.983751323590808,2.4916666666666667,1.730105167002537,6.838333333333333,3.4470563125980744,22.89666666666667,9.261532750516457,220.505,6.9632350001035235,4.435,0.5678394726211476,0.8833333333333333,0.3210226714043029
1040,187.79833333333335,5.703302892963765,0.805,0.9662513475626651,2.3983333333333334,1.6979391102811188,6.6466666666666665,3.3712246373618515,22.361666666666668,9.145720158753074,220.01,6.850783410189914,4.411666666666667,0.5705528507996054,0.885,0.31902194281898416
1050,188.14,5.600035714171827,0.7866666666666666,0.9440103577586219,2.3383333333333334,1.6483923144149333,6.42,3.289924011280502,21.85333333333333,9.09240464465931,219.53833333333333,6.771154300084705,4.401666666666666,0.5747439043222252,0.865,0.3417235724968363
1060,188.45166666666665,5.567255208408864,0.765,0.9326172848494697,2.236666666666667,1.6167835009329097,6.2,3.2129944496269074,21.371666666666666,9.041397231008535,219.025,6.7572954402383925,4.376666666666667,0.5814827789558552,0.8716666666666667,0.33446059392533745
1070,188.885,5.45237944998939,0.745,0.9219408874759796,2.18,1.6075654470865777,6.045,3.117099346080154,20.84,8.92903876872161,218.695,6.685454983270271,4.358333333333333,0.5887250820393362,0.89,0.31288975694323845
1080,189.22666666666666,5.37450359464843,0.7183333333333334,0.8994427287060677,2.1283333333333334,1.5964117750616733,5.831666666666667,3.023242832162549,20.383333333333333,8.845887305534834,218.28833333333333,6.660470245327189,4.345,0.593836397222891,0.89,0.31288975694323823
1090,189.57833333333335,5.251399548903344,0.6933333333333334,0.8770911519841529,2.045,1.556590826132547,5.615,2.923486788066603,19.888333333333332,8.73360543469242,217.82,6.540713518671594,4.328333333333333,0.5948645971049957,0.895,0.30655342111938516
1100,189.87833333333333,5.1797873722984376,0.6733333333333333,0.8640730421800147,1.9716666666666667,1.5223437704919207,5.425,2.8368483098913333,19.401666666666667,8.688900806328851,217.35,6.467676038062922,4.31,0.6114736298484192,0.9066666666666666,0.29089898972361933
1110,190.18833333333333,5.074071069882867,0.6433333333333333,0.856030892485131,1.9016666666666666,1.4995545634917347,5.26,2.8194089215058233,18.908333333333335,8.585642893161179,216.90166666666667,6.45564331074412,4.273333333333333,0.6339996494916651,0.8883333333333333,0.31495590520296873
1120,190.51333333333332,5.009306893728441,0.6183333333333333,0.8441942246242174,1.8233333333333333,1.4839549259402105,5.065,2.7387542788647496,18.41,8.44976725517732,216.43,6.3310162428054655,4.236666666666666,0.6408241221704684,0.8883333333333333,0.314955905202969
1130,190.81666666666666,4.921692346699008,0.5866666666666667,0.8281438415047365,1.7733333333333334,1.4714920621222822,4.906666666666666,2.6691987978084812,17.973333333333333,8.358785132355594,216.05666666666667,6.265523831962404,4.198333333333333,0.6498696450485709,0.915,0.2788816953476851
1140,191.08,4.8569812298038295,0.5583333333333333,0.7978704294697367,1.7083333333333333,1.4177201964970223,4.766666666666667,2.623398982660134,17.548333333333332,8.236159939896474,215.66166666666666,6.165268084646076,4.185,0.6588689803999956,0.9083333333333333,0.2885548282196788
1150,191.35333333333332,4.745364990060185,0.535,0.7866225270102569,1.6366666666666667,1.3968973556500908,4.628333333333333,2.592334319146021,17.16,8.157270785419998,215.31333333333333,6.134749836428175,4.141666666666667,0.6645278189979845,0.9033333333333333,0.29550333707459575
1160,191.63333333333333,4.633453235858643,0.51,0.7723772825935971,1.57,1.3607963354839923,4.505,2.545579501803078,16.745,8.007911192481265,214.96333333333334,6.0375482514750045,4.11,0.671739036630547,0.9183333333333333,0.2738562072004632
1170,191.88833333333332,4.549270698572331,0.4866666666666667,0.750436909776933,1.5116666666666667,1.331614517126571,4.391666666666667,2.5096342141612795,16.32,7.905331534266394,214.59833333333333,5.981387566628868,4.085,0.679049580909475,0.91,0.2861817604250824
1180,192.11,4.497914331480023,0.4666666666666667,0.7408703590297595,1.465,1.3059255976764748,4.213333333333333,2.421670681345603,15.891666666666667,7.808751322857083,214.14666666666668,5.893088230197214,4.056666666666667,0.6807757013551212,0.94,0.23748684174075738
1190,192.37,4.377948530228902,0.45666666666666667,0.7221187960131995,1.4166666666666667,1.2661183023539146,4.093333333333334,2.4065096901714096,15.53,7.683256687976357,213.86666666666667,5.844560624109294,4.05,0.686172961674629,0.905,0.2932149382279163
1200,192.59,4.267930802313146,0.435,0.6969756093293364,1.365,1.2457026129859465,3.9566666666666666,2.3596868907171187,15.14,7.572344419002613,213.48666666666668,5.733511625134752,4.016666666666667,0.6950219820664326,0.9216666666666666,0.2686954078919516
1210,192.82333333333332,4.2232044179219566,0.42333333333333334,0.6885653362043576,1.3066666666666666,1.2339457938751648,3.84,2.3376056125873736,14.696666666666667,7.461098370138889,213.09,5.675552836508527,3.985,0.7057679033034397,0.93,0.25514701644346033
1220,193.04666666666665,4.14018786476599,0.405,0.6789513973768666,1.26,1.2023865157815632,3.715,2.2819089231021756,14.335,7.311824327758431,212.76166666666666,5.552314582426161,3.96,0.7036097403153732,0.9083333333333333,0.28855482821967876
1230,193.26333333333332,4.046478578824899,0.39166666666666666,0.6620150216489734,1.2033333333333334,1.1741616394498495,3.5866666666666664,2.2448063514600918,13.985,7.218132837975942,212.43,5.492276395084285,3.9366666666666665,0.7089820558769834,0.92,0.2712931993250097
1240,193.47166666666666,3.9911398399733127,0.37833333333333335,0.6469393754870374,1.1616666666666666,1.1556515718656548,3.473333333333333,2.2224510993245485,13.648333333333333,7.1237628555576,212.13333333333333,5.445997510914675,3.9066666666666667,0.7173717461833977,0.9033333333333333,0.2955033370745957
1250,193.65,3.9252388462359806,0.3616666666666667,0.6278512739671878,1.1233333333333333,1.1290654936224402,3.3533333333333335,2.1691370531977827,13.301666666666666,7.050815358681729,211.79,5.3652492952331645,3.8783333333333334,0.7189324647620894,0.92,0.2712931993250098
1260,193.81166666666667,3.8862403282464264,0.3466666666666667,0.6189956022101879,1.0783333333333334,1.1100437929299096,3.2383333333333333,2.131868637812586,12.905,6.92887496880506,211.38,5.250612662664554,3.8466666666666667,0.7232949298561108,0.935,0.24652586071242222
1270,193.97666666666666,3.795539780086913,0.32666666666666666,0.6054933709151743,1.04,1.0809255293497333,3.1333333333333333,2.0845996151672774,12.511666666666667,6.723084402927638,210.98833333333334,5.098188948592978,3.8133333333333335,0.7223726339101051,0.935,0.24652586071242175
1280,194.16,3.755138701388627,0.31166666666666665,0.5869672525410194,0.9983333333333333,1.043230825635229,3.0433333333333334,2.035056646768231,12.178333333333333,6.54827182460297,210.69166666666666,4.950077159892447,3.7916666666666665,0.7175866188520753,0.945,0.22798026230356067
1290,194.37166666666667,3.673354128797754,0.3016666666666667,0.5721280936604654,0.94,1.0342791370482813,2.933333333333333,2.0038851153585533,11.841666666666667,6.4549668645332545,210.38833333333332,4.93837327017266,3.74,0.7432361670424822,0.9466666666666667,0.22469732728470437
1300,194.55166666666668,3.6153373132930318,0.285,0.5571729234866534,0.9083333333333333,1.0115650690335705,2.8533333333333335,1.9904326721148418,11.55,6.335416324125835,210.14833333333334,4.886000125073902,3.7133333333333334,0.7401501349200855,0.9316666666666666,0.25231704042511494
1310,194.73833333333334,3.542108207770567,0.27666666666666667,0.5508680019347243,0.88,1.004456735421362,2.7666666666666666,1.9635568633364193,11.245,6.210070450486049,209.90666666666667,4.748117755724074,3.683333333333333,0.748145856248781,0.9366666666666666,0.24356153682842158
1320,194.9,3.489508083765777,0.255,0.538493268295898,0.8316666666666667,0.9695345389527009,2.68,1.907249328221141,10.93,6.079893091165335,209.59666666666666,4.564061300591338,3.638333333333333,0.7533462388275075,0.945,0.22798026230355992
1330,195.05166666666668,3.4130627334144013,0.23666666666666666,0.507269378360471,0.7966666666666666,0.9391426350075308,2.5966666666666667,1.8825485090400413,10.641666666666667,5.9556637376161135,209.32333333333332,4.495418655574685,3.61,0.7601973427998795,0.9383333333333334,0.24054914027884075
1340,195.20166666666665,3.3572305881816042,0.22666666666666666,0.4952664827028872,0.7716666666666666,0.925309257611867,2.5316666666666667,1.8580448206530324,10.326666666666666,5.823225528481237,209.05833333333334,4.409640637915476,3.585,0.7546135876504405,0.94,0.2374868417407576
1350,195.35166666666666,3.29160506271468,0.21833333333333332,0.48027480559455366,0.73,0.9020901654860592,2.4166666666666665,1.7952870398784557,10.04,5.7345502584480545,208.75666666666666,4.342517191164078,3.545,0.7624357896461389,0.9383333333333334,0.24054914027884083
1360,195.535,3.1951173687362395,0.20666666666666667,0.46255330023204627,0.7066666666666667,0.8872930118562243,2.341666666666667,1.7554478694117437,9.77,5.608365775042377,208.56,4.262206001591196,3.5183333333333335,0.7678957539203426,0.9583333333333334,0.19982631347136282
1370,195.67,3.1343952101375696,0.19333333333333333,0.4501357819838609,0.675,0.8656644846590372,2.2316666666666665,1.7150307739383452,9.465,5.500191663327138,208.235,4.150876413481849,3.4783333333333335,0.7699765508695002,0.9483333333333334,0.22135316176242398
1380,195.795,3.068600386712698,0.18666666666666668,0.441764140187449,0.6416666666666667,0.8386083048055786,2.1533333333333333,1.6722705788504708,9.216666666666667,5.421228847984763,207.99333333333334,4.10365149050884,3.4566666666666666,0.7819562363429001,0.9583333333333334,0.19982631347136257
1390,195.91333333333333,3.0197939591229614,0.18166666666666667,0.4266113245358381,0.6283333333333333,0.818655740969443,2.08,1.645276065994192,8.998333333333333,5.343999490602101,207.80166666666668,4.075822684508686,3.441666666666667,0.785237048426922,0.9533333333333334,0.2109238935940851
1400,196.04833333333335,2.948332391181308,0.16833333333333333,0.41230719399765936,0.5933333333333334,0.796631798400131,1.99,1.6134538522478177,8.701666666666666,5.166171750489484,207.50166666666667,3.963163368937609,3.3983333333333334,0.7871873276983643,0.955,0.20730412441627832
1410,196.18833333333333,2.8820474011060666,0.16166666666666665,0.40273716270320026,0.565,0.7675339297603305,1.9133333333333333,1.566042428827802,8.461666666666666,5.098875420674206,207.29,3.9343656837326844,3.3733333333333335,0.7814232030226799,0.9533333333333334,0.2109238935940851
1420,196.285,2.8426117685443173,0.15166666666666667,0.38986821135124794,0.5433333333333333,0.7581483290813776,1.8283333333333334,1.520591076595616,8.213333333333333,5.000115554220276,207.02166666666668,3.8480987368944817,3.3383333333333334,0.7813645471580857,0.955,0.2073041244162783
1430,196.40166666666667,2.783342814355114,0.145,0.3838076775330741,0.5133333333333333,0.7347259504211207,1.7416666666666667,1.4882642761134741,8.005,4.940139168080185,206.80666666666667,3.808668475406534,3.305,0.7949685528371573,0.955,0.2073041244162783
1440,196.505,2.712927385685067,0.14,0.37469987990390147,0.495,0.7187778980092974,1.685,1.4671201950306183,7.783333333333333,4.846619669648343,206.60833333333332,3.787910227142259,3.275,0.7933315826311217,0.9733333333333334,0.161107279647927
1450,196.6,2.6532998322843193,0.13833333333333334,0.37753219141624794,0.475,0.7019318580413143,1.6266666666666667,1.4343252381830598,7.581666666666667,4.773188719876428,206.42166666666665,3.7621621295325545,3.245,0.7989420087423929,0.9616666666666667,0.19199971064793067
1460,196.73,2.6071248531668045,0.13166666666666665,0.366511330732836,0.4633333333333333,0.6966507175207827,1.5816666666666668,1.4165676435980323,7.365,4.6969963806671124,206.27166666666668,3.756043648427009,3.225,0.7985664238705109,0.9616666666666667,0.19199971064793117
1470,196.83666666666667,2.5644990847250386,0.12833333333333333,0.36313067742740773,0.45666666666666667,0.6841945792113684,1.5166666666666666,1.3783041109356864,7.141666666666667,4.570003343057376,206.08,3.6400915739396846,3.2083333333333335,0.8092777987536496,0.9666666666666667,0.17950549357115056
1480,196.945,2.528235550734943,0.11333333333333333,0.3471150945851958,0.4483333333333333,0.6811734156749066,1.4616666666666667,1.3423352371478903,6.965,4.499308280169298,205.93333333333334,3.5766216213379662,3.1783333333333332,0.7999149260320692,0.965,0.18377975949489153
1490,197.03166666666667,2.508119592222203,0.11166666666666666,0.3452495072005483,0.43,0.6746109990209193,1.4083333333333334,1.3044528440009722,6.76,4.403680279039338,205.74166666666667,3.4676981638481026,3.1533333333333333,0.7957107235393786,0.9616666666666667,0.19199971064793123
1500,197.13833333333332,2.428826305486291,0.105,0.32757950688852927,0.4083333333333333,0.6569605941167399,1.3433333333333333,1.280151900709007,6.551666666666667,4.353236024946142,205.54666666666665,3.44738870580167,3.12,0.797245257119791,0.9766666666666667,0.15095989165632162
1510,197.25166666666667,2.3864193307594217,0.10166666666666667,0.3235179885089666,0.39,0.6228161847607977,1.2983333333333333,1.2790610705600465,6.34,4.249831369203564,205.38166666666666,3.366402217336602,3.0966666666666667,0.8004096173557327,0.965,0.1837797594948925
1520,197.33,2.352537636964255,0.1,0.32145502536643117,0.37166666666666665,0.611171461666495,1.2583333333333333,1.2536336076470775,6.135,4.158538405096997,205.195,3.277749481987094,3.0733333333333333,0.7945369021567779,0.955,0.20730412441627827
1530,197.41666666666666,2.310783897776301,0.09666666666666666,0.3119650977629102,0.3516666666666667,0.6011077736608902,1.22,1.2294714311442936,5.9783333333333335,4.096892792782787,205.06333333333333,3.225314799450675,3.0366666666666666,0.7970710270874364,0.9616666666666667,0.19199971064793
1540,197.51333333333332,2.2135542058468465,0.09,0.3031501278244811,0.33666666666666667,0.5944091370615202,1.175,1.1709148844671273,5.795,3.991195518471459,204.91,3.117996151376714,3.006666666666667,0.7894864716313311,0.9666666666666667,0.1795054935711504
1550,197.60166666666666,2.1663326665639837,0.08833333333333333,0.30088295989562885,0.31833333333333336,0.5747439043222272,1.1366666666666667,1.1451297840080046,5.636666666666667,3.9544897128313403,204.78166666666667,3.101182122281043,2.975,0.7859442304218149,0.9766666666666667,0.150959891656322
1560,197.68666666666667,2.1051893554315244,0.085,0.29626845934050894,0.30666666666666664,0.5650565360111238,1.075,1.0844545479948275,5.496666666666667,3.8794315162003965,204.65,3.01675874629267,2.9516666666666667,0.7890905454311881,0.97,0.1705872210923199
1570,197.77333333333334,2.0652575841499545,0.08,0.28913664589601834,0.29333333333333333,0.5573349282273811,1.0383333333333333,1.06780017897649,5.336666666666667,3.7709400537384408,204.52166666666668,2.9489315390870288,2.92,0.78757010269986,0.97,0.17058722109232
1580,197.84166666666667,2.0182328628998363,0.07666666666666666,0.2783083821151542,0.28,0.5243408560596172,0.99,1.0471707915458015,5.208333333333333,3.6970615208417668,204.39666666666668,2.8843235293951066,2.8933333333333335,0.7822758819978767,0.9783333333333334,0.14559265854507364
1590,197.90666666666667,1.9624700988521826,0.07166666666666667,0.27054985163962453,0.2633333333333333,0.5105443717793362,0.9416666666666667,1.009090624715582,5.0616666666666665,3.603867906692605,204.245,2.8103929144042104,2.855,0.783565568411476,0.9816666666666667,0.1341537260840049
1600,197.97666666666666,1.923396879366182,0.07,0.2678930134711729,0.255,0.5032974600902862,0.9033333333333333,0.9936408919837287,4.923333333333333,3.557731799272609,204.12833333333333,2.792584923606712,2.8266666666666667,0.7894864716313316,0.98,0.14000000000000098
1610,198.02666666666667,1.8936619433139446,0.06666666666666667,0.26246692913372816,0.245,0.4983054618738711,0.8766666666666667,0.985624449552443,4.781666666666666,3.5520881964776083,203.99666666666667,2.8124702467562046,2.796666666666667,0.7886627218836244,0.985,0.12155245781143245
1620,198.12,1.8281867154824976,0.06333333333333334,0.2568830256924138,0.23,0.4834942260944429,0.8466666666666667,0.9573342618379919,4.636666666666667,3.4916073980649975,203.89666666666668,2.7572913439742917,2.7733333333333334,0.782275881997875,0.9733333333333334,0.16110727964792676
1630,198.17666666666668,1.8079792280026006,0.06166666666666667,0.2540286510525064,0.22166666666666668,0.4822142216438213,0.825,0.9527372845298607,4.463333333333333,3.411547384333913,203.74833333333333,2.7033924161237857,2.745,0.7852653479344828,0.985,0.12155245781143233
1640,198.25833333333333,1.7582938384190052,0.055,0.23517723812761657,0.215,0.474806978325581,0.805,0.9435615153943775,4.326666666666667,3.347629343613516,203.66,2.655384466827105,2.7183333333333333,0.7846425229930407,0.9883333333333333,0.10738042445229684
1650,198.30833333333334,1.7464050376575109,0.055,0.23517723812761657,0.20833333333333334,0.46360603485670177,0.7816666666666666,0.9295145088820447,4.206666666666667,3.2864300117638603,203.56,2.6127380274340553,2.705,0.7818620935518831,0.9833333333333333,0.12801909579781018
1660,198.37666666666667,1.7343939063033635,0.051666666666666666,0.2287587278237817,0.20166666666666666,0.4557015348766013,0.745,0.911029637278611,4.1033333333333335,3.232025508700215,203.47833333333332,2.559205063209189,2.6783333333333332,0.7841325709909575,0.975,0.15612494995995954
1670,198.42166666666665,1.7070043611218155,0.04833333333333333,0.21446963006967446,0.19,0.4478466999617927,0.71,0.8921322771876353,3.973333333333333,3.19676225091714,203.34333333333333,2.501757160255339,2.6433333333333335,0.778538516852072,0.9783333333333334,0.14559265854507353
1680,198.47333333333333,1.6780809144840283,0.041666666666666664,0.19982631347136262,0.18666666666666668,0.4455209185760971,0.6766666666666666,0.8710848918956666,3.8433333333333333,3.1478228808001414,203.22166666666666,2.443876133431386,2.61,0.7710814915861127,0.965,0.18377975949489148
1690,198.51666666666668,1.6632464907189466,0.041666666666666664,0.19982631347136262,0.17833333333333334,0.42801544624256793,0.6583333333333333,0.8592228400647197,3.7083333333333335,3.0419177978520175,203.10333333333332,2.3620588947403958,2.5933333333333333,0.7689531122824681,0.985,0.12155245781143263
1700,198.56333333333333,1.6419466766277426,0.04,0.19595917942265392,0.17166666666666666,0.4229230295087854,0.6316666666666667,0.838250492924926,3.5866666666666664,2.9864955308112497,202.99333333333334,2.327363792410257,2.5683333333333334,0.7737337325520278,0.9783333333333334,0.14559265854507353
1710,198.625,1.5655802970996622,0.035,0.18377975949489145,0.165,0.4136524305903864,0.61,0.8192883090422629,3.475,2.967497542824034,202.91,2.3356440938921614,2.5383333333333336,0.7757988714150634,0.9933333333333333,0.08137703743822425
1720,198.66833333333332,1.5356856955625888,0.03166666666666667,0.1751110758601208,0.155,0.4053496433122056,0.5916666666666667,0.807215722234286,3.3783333333333334,2.9192231653110907,202.825,2.312511261233848,2.505,0.7745805316427704,0.985,0.12155245781143288
1730,198.71666666666667,1.498795812940803,0.03166666666666667,0.1751110758601208,0.14666666666666667,0.39389789991259766,0.5716666666666667,0.7988724693104804,3.2733333333333334,2.869719304895321,202.74,2.288172487670738,2.4766666666666666,0.7828083347083681,0.9833333333333333,0.12801909579780923
1740,198.75833333333333,1.4605697138065246,0.03166666666666667,0.1751110758601208,0.14333333333333334,0.3908821931079593,0.5583333333333333,0.7894706383956833,3.1966666666666668,2.8292499987727386,202.68833333333333,2.277688277374424,2.46,0.7799999999999976,0.9916666666666667,0.0909059342886308
1750,198.79333333333332,1.4261681371968569,0.03166666666666667,0.1751110758601208,0.14166666666666666,0.3806974593500149,0.5366666666666666,0.7780245640223857,3.098333333333333,2.785437827144756,202.60166666666666,2.249369664792537,2.4383333333333335,0.7892172634255313,0.9866666666666667,0.11469767022723532
1760,198.82833333333335,1.3852306266065924,0.03,0.17058722109231927,0.13666666666666666,0.37146855706626,0.52,0.7613146524269692,3.01,2.7245611267382794,202.525,2.2164630232271763,2.42,0.7854510381515423,0.9833333333333333,0.12801909579780926
1770,198.87166666666667,1.3705949640778454,0.03,0.17058722109231927,0.13166666666666665,0.3619353840428173,0.5016666666666667,0.7549816038965563,2.908333333333333,2.6495151548076787,202.44333333333333,2.160275188231557,2.3966666666666665,0.7869702803932461,0.9783333333333334,0.14559265854507356
1780,198.89,1.3715805967325903,0.028333333333333332,0.16592334240713624,0.12666666666666668,0.3567756842735921,0.485,0.741468138223082,2.8066666666666666,2.572797871751471,202.33666666666667,2.0840638719152103,2.3733333333333335,0.774998207883234,0.9866666666666667,0.11469767022723583
1790,198.93666666666667,1.3401450999383955,0.028333333333333332,0.16592334240713624,0.12166666666666667,0.3514691388380439,0.48,0.7368401002478959,2.735,2.524831677557932,202.30166666666668,2.0511778459108676,2.3633333333333333,0.773297412958874,0.99,0.09949874371066217
1800,198.97166666666666,1.330738099285085,0.02666666666666667,0.16110727964792687,0.11833333333333333,0.3430217032330282,0.4666666666666667,0.7226494462892903,2.658333333333333,2.4728385623723055,202.24166666666667,1.9991491245582955,2.3533333333333335,0.7714632561279574,0.9783333333333334,0.14559265854507353
1810,199.01833333333335,1.2966613110429275,0.02666666666666667,0.16110727964792687,0.11833333333333333,0.3430217032330282,0.445,0.7049645381152135,2.5833333333333335,2.428248111064622,202.19166666666666,1.981143749341664,2.34,0.7688086021024105,0.985,0.12155245781143266
1820,199.05833333333334,1.2773399008181825,0.025,0.15612494995995946,0.11333333333333333,0.3323986896618116,0.43,0.6892749814116301,2.5116666666666667,2.3797473021777367,202.13833333333332,1.933700396189181,2.3183333333333334,0.7726559533338362,0.9816666666666667,0.13415372608400467
1830,199.08166666666668,1.2708254098113634,0.025,0.15612494995995946,0.10666666666666667,0.3244824939636813,0.4083333333333333,0.6769519103222076,2.4383333333333335,2.3458183836113338,202.06,1.8955386217818522,2.283333333333333,0.7657603338440114,0.9883333333333333,0.10738042445229681
1840,199.11,1.253488465576505,0.025,0.15612494995995946,0.09833333333333333,0.314108084723853,0.3933333333333333,0.66228560472218,2.3583333333333334,2.3064974648925123,201.985,1.8613906091951782,2.256666666666667,0.7577085338190529,0.9933333333333333,0.0813770374382243
1850,199.135,1.2329267347792172,0.025,0.15612494995995946,0.09666666666666666,0.31196509776291026,0.37833333333333335,0.6417662260425452,2.276666666666667,2.261295105808966,201.91166666666666,1.8440527529210073,2.236666666666667,0.7641916571704294,0.99,0.09949874371066238
1860,199.16666666666666,1.2160957564636485,0.025,0.15612494995995946,0.09333333333333334,0.30760725320158233,0.3616666666666667,0.6305002423120499,2.2083333333333335,2.19733108312992,201.855,1.7731257710608084,2.2116666666666664,0.7595155619794034,0.99,0.09949874371066207
1870,199.20333333333335,1.184056117288738,0.023333333333333334,0.15095989165632212,0.08833333333333333,0.29529175779594874,0.3416666666666667,0.6095877477625565,2.15,2.1689090959896586,201.80666666666667,1.7746235907619616,2.185,0.7532872404778019,0.9883333333333333,0.10738042445229691
1880,199.23666666666668,1.1520947106129054,0.023333333333333334,0.15095989165632212,0.08833333333333333,0.29529175779594874,0.3333333333333333,0.6018490028422616,2.075,2.10619127019999,201.75666666666666,1.729389744646624,2.17,0.7557115851963627,0.9866666666666667,0.11469767022723541
1890,199.26,1.1339018182070788,0.021666666666666667,0.14559265854507344,0.085,0.28479524808769574,0.31833333333333336,0.5918872828128329,2.0016666666666665,2.067606641076153,201.68666666666667,1.6738644575419472,2.1466666666666665,0.7561892767172946,0.9933333333333333,0.08137703743822469
1900,199.285,1.1092527514803217,0.021666666666666667,0.14559265854507344,0.08,0.27736858750286203,0.31166666666666665,0.5754973694311901,1.9466666666666668,2.0224957080025825,201.645,1.643869925916684,2.1333333333333333,0.7520342781785648,0.9916666666666667,0.09090593428863067
1910,199.30833333333334,1.0785471194569527,0.021666666666666667,0.14559265854507344,0.07333333333333333,0.26699979192667833,0.3016666666666667,0.5692075387960217,1.8816666666666666,1.9994158869252028,201.58666666666667,1.6173503708912969,2.1066666666666665,0.7518569603913299,0.9933333333333333,0.08137703743822419
1920,199.33166666666668,1.0606588623220083,0.02,0.14000000000000123,0.07166666666666667,0.25793517704174357,0.29,0.5620498198558581,1.8266666666666667,1.9561754068135677,201.54,1.5963708842245912,2.085,0.7579193008933525,0.995,0.07053367989832932
1930,199.35333333333332,1.0320637361885934,0.02,0.14000000000000123,0.07,0.2551470164434603,0.2816666666666667,0.5498459380186006,1.7783333333333333,1.923329722700251,201.50333333333333,1.5673721815687292,2.0716666666666668,0.7592960921508506,0.9933333333333333,0.0813770374382244
1940,199.375,1.0203144940000934,0.018333333333333333,0.13415372608400403,0.06833333333333333,0.25231704042511577,0.265,0.530510760179908,1.7116666666666667,1.8739967686441963,201.43833333333333,1.5153208314486508,2.0483333333333333,0.74788405221368,0.9933333333333333,0.08137703743822447
1950,199.39166666666668,1.0041234430531383,0.016666666666666666,0.1280190957978088,0.06333333333333334,0.2435615368284216,0.25,0.5139714648369758,1.645,1.8052631387141314,201.36666666666667,1.4636332266733327,2.02,0.7368401002479007,0.9933333333333333,0.08137703743822487
1960,199.41333333333333,0.9656546426589989,0.016666666666666666,0.1280190957978088,0.056666666666666664,0.23120457511812997,0.245,0.501638980409881,1.5966666666666667,1.7599210840893427,201.32833333333335,1.4237967629624062,2.005,0.7314198520685626,0.995,0.07053367989832937
1970,199.435,0.9482132319965474,0.016666666666666666,0.1280190957978088,0.056666666666666664,0.23120457511812997,0.23666666666666666,0.49395231438761916,1.5483333333333333,1.7149335911988584,201.29333333333332,1.3870672498316534,1.9916666666666667,0.7268176448662246,0.99,0.0994987437106621
1980,199.45166666666665,0.9224951068825337,0.016666666666666666,0.1280190957978088,0.05333333333333334,0.22469732728470426,0.23333333333333334,0.4921607686744451,1.4883333333333333,1.6702885645567078,201.24333333333334,1.3456555610143728,1.9733333333333334,0.7206170195664904,0.9933333333333333,0.08137703743822464
1990,199.475,0.8996527107723269,0.015,0.1215524578114328,0.051666666666666666,0.22135316176242326,0.21833333333333332,0.47679194157992333,1.4483333333333333,1.6494435088504507,201.20833333333334,1.3372598434443828,1.9466666666666668,0.71913528320863,0.9933333333333333,0.08137703743822412
2000,199.49166666666667,0.8793542453919696,0.015,0.1215524578114328,0.051666666666666666,0.22135316176242326,0.21833333333333332,0.47679194157992333,1.3983333333333334,1.6195669860250432,201.175,1.3182216556153676,1.9366666666666668,0.7252509144350555,0.9933333333333333,0.08137703743822434
2010,199.51166666666666,0.8365786806325397,0.015,0.1215524578114328,0.051666666666666666,0.22135316176242326,0.20833333333333334,0.4636060348567019,1.3733333333333333,1.5886961810099367,201.16,1.32453765518388,1.925,0.7229857075581325,0.995,0.07053367989832925
2020,199.52666666666667,0.8282243389055577,0.015,0.1215524578114328,0.051666666666666666,0.22135316176242326,0.20166666666666666,0.4593443394907829,1.3383333333333334,1.5823602272835664,201.13333333333333,1.3161391348266323,1.9083333333333334,0.7210621024263847,0.9916666666666667,0.09090593428863122
2030,199.54333333333332,0.8194239168803584,0.015,0.1215524578114328,0.051666666666666666,0.22135316176242326,0.2,0.45825756949558655,1.31,1.562231310231196,201.12,1.313620949893848,1.9016666666666666,0.7201832328573702,0.9966666666666667,0.057638721552635636
2040,199.55666666666667,0.8104251284905291,0.013333333333333334,0.11469767022723545,0.04833333333333333,0.21446963006967476,0.19333333333333333,0.44641784114088523,1.2616666666666667,1.536184848541631,201.07333333333332,1.2979299758547125,1.8833333333333333,0.7186020379103376,0.99,0.099498743710662
2050,199.58166666666668,0.7873990235085504,0.01,0.09949874371066146,0.045,0.2073041244162783,0.18,0.4292629341868051,1.2116666666666667,1.4821821375555997,201.02833333333334,1.227815358901958,1.8533333333333333,0.7036729038094037,0.99,0.09949874371066143
2060,199.59,0.7736709033346578,0.01,0.09949874371066146,0.043333333333333335,0.20360637405434065,0.17166666666666666,0.4229230295087854,1.18,1.4563424505703781,200.995,1.21036151624216,1.835,0.6984089060142327,0.9916666666666667,0.09090593428863092
2070,199.60333333333332,0.7698412534773343,0.01,0.09949874371066146,0.041666666666666664,0.19982631347136262,0.16333333333333333,0.4163198556665558,1.1266666666666667,1.421485920514945,200.945,1.1840502523119474,1.8083333333333333,0.6963695538688893,0.995,0.07053367989832936
2080,199.61333333333334,0.7597075460699062,0.01,0.09949874371066146,0.04,0.19595917942265395,0.15833333333333333,0.4040592640800213,1.0916666666666666,1.4106489838211187,200.91333333333333,1.168683970208462,1.7883333333333333,0.6905533208151932,0.9983333333333333,0.04079079416840143
2090,199.63166666666666,0.7411683719341752,0.01,0.09949874371066146,0.03833333333333333,0.19199971064793073,0.14333333333333334,0.3822593651203608,1.0416666666666667,1.3478120129388291,200.865,1.1060929737895795,1.76,0.6824465791058906,0.9966666666666667,0.05763872155263532
2100,199.64,0.7396395518539167,0.01,0.09949874371066146,0.03833333333333333,0.19199971064793073,0.13333333333333333,0.37267799624996667,1.0,1.3203534880225574,200.82166666666666,1.0831422908474333,1.735,0.6817440868830453,1.0,0.0
2110,199.65,0.7308670649760262,0.008333333333333333,0.09090593428863152,0.03333333333333333,0.1795054935711505,0.12666666666666668,0.36599939283495614,0.965,1.2611271413567589,200.78333333333333,0.9948478387282224,1.715,0.6636577933443294,0.9916666666666667,0.0909059342886305
2120,199.66666666666666,0.6944222218666558,0.008333333333333333,0.09090593428863152,0.03166666666666667,0.17511107586012084,0.12333333333333334,0.36256800128466504,0.9366666666666666,1.2447177279296024,200.76666666666668,0.994428926011748,1.6966666666666668,0.6643208729388396,0.9966666666666667,0.057638721552635504
2130,199.67333333333335,0.6830975202869825,0.008333333333333333,0.09090593428863152,0.03,0.17058722109231972,0.11833333333333333,0.34784654982078095,0.9083333333333333,1.2233549044419716,200.73833333333334,0.9763181972196423,1.6816666666666666,0.6534502446416435,0.9966666666666667,0.0576387215526355
2140,199.685,0.6676638375709717,0.008333333333333333,0.09090593428863152,0.03,0.17058722109231972,0.11833333333333333,0.34784654982078095,0.875,1.2011279421166312,200.71666666666667,0.9572820320516255,1.6666666666666667,0.6548960901462858,0.9983333333333333,0.04079079416840143
2150,199.685,0.6676638375709717,0.008333333333333333,0.09090593428863152,0.03,0.17058722109231972,0.11666666666666667,0.346008991533779,0.8533333333333334,1.1882012549320995,200.69333333333333,0.9394797614755785,1.6566666666666667,0.6522695421032287,1.0,0.0
2160,199.70333333333335,0.6392617269597487,0.006666666666666667,0.08137703743822429,0.03,0.17058722109231972,0.115,0.33927619034251927,0.83,1.1508402727282947,200.685,0.9286773749083486,1.645,0.6524121907710376,0.9933333333333333,0.08137703743822462
2170,199.72166666666666,0.6089859513066647,0.006666666666666667,0.08137703743822429,0.028333333333333332,0.16592334240713655,0.11166666666666666,0.33545574306539294,0.82,1.150767859590577,200.68833333333333,0.9615251195655581,1.6333333333333333,0.6523461930260311,0.995,0.07053367989832914
2180,199.735,0.5956299186575509,0.006666666666666667,0.08137703743822429,0.028333333333333332,0.16592334240713655,0.11,0.3284813541131346,0.7916666666666666,1.1142698157188953,200.67166666666665,0.9365880749946746,1.6233333333333333,0.6517583055772215,1.0,0.0
2190,199.74833333333333,0.5730013573767145,0.006666666666666667,0.08137703743822429,0.028333333333333332,0.16592334240713655,0.11,0.3284813541131346,0.7666666666666667,1.093414631123784,200.66,0.9279367794557338,1.615,0.6507239558112661,0.9983333333333333,0.040790794168401576
2200,199.75,0.5722761571129799,0.005,0.07053367989832943,0.021666666666666667,0.1455926585450735,0.10166666666666667,0.3130450801757171,0.74,1.067270662328287,200.61833333333334,0.8903167351504085,1.5883333333333334,0.634190209812659,0.9966666666666667,0.057638721552635046
2210,199.755,0.5671346107113046,0.005,0.07053367989832943,0.021666666666666667,0.1455926585450735,0.1,0.31091263510295974,0.7083333333333334,1.0375920307241269,200.59,0.8728688332160769,1.57,0.636474665638785,0.9983333333333333,0.04079079416840145
2220,199.76666666666668,0.5557777333511043,0.005,0.07053367989832943,0.02,0.14000000000000076,0.095,0.30437093597560777,0.6783333333333333,1.0140006026735005,200.565,0.8693532078505302,1.5483333333333333,0.6358699203104031,1.0,0.0
2230,199.77,0.5541660400998955,0.0033333333333333335,0.057638721552635365,0.02,0.14000000000000076,0.09333333333333334,0.3021405118299912,0.6583333333333333,1.000798292475672,200.545,0.8512588717109838,1.54,0.6338243710471632,0.9966666666666667,0.0576387215526356
2240,199.785,0.5311387138340906,0.0033333333333333335,0.057638721552635365,0.02,0.14000000000000076,0.09166666666666666,0.299884236924108,0.6483333333333333,0.9923023172848484,200.54833333333335,0.8451807827651728,1.5333333333333334,0.6262764742685283,0.9966666666666667,0.057638721552635275
2250,199.78333333333333,0.5351531452667461,0.0033333333333333335,0.057638721552635365,0.018333333333333333,0.1341537260840046,0.08666666666666667,0.2929543005695996,0.63,0.9607809323669988,200.52166666666668,0.8038639326541699,1.52,0.6215035532212716,1.0,0.0
2260,199.79,0.515654923374151,0.0033333333333333335,0.057638721552635365,0.016666666666666666,0.12801909579780946,0.08166666666666667,0.28576894318468266,0.605,0.9393126919899093,200.49666666666667,0.7767381941312197,1.5033333333333334,0.6137227024932026,0.9966666666666667,0.05763872155263543
2270,199.80166666666668,0.5089176969041507,0.0033333333333333335,0.057638721552635365,0.013333333333333334,0.11469767022723573,0.07666666666666666,0.2783083821151546,0.5916666666666667,0.9335937136796824,200.48666666666668,0.7636462240825573,1.49,0.5999166608788268,0.995,0.0705336798983291
2280,199.80833333333334,0.49490459237670903,0.0033333333333333335,0.057638721552635365,0.013333333333333334,0.11469767022723573,0.06833333333333333,0.2651990866416322,0.5733333333333334,0.9135766099360343,200.46666666666667,0.7498147919467952,1.4733333333333334,0.5938200251104903,1.0,0.0
2290,199.81666666666666,0.4792934614849469,0.0033333333333333335,0.057638721552635365,0.011666666666666667,0.10738042445229683,0.06666666666666667,0.26246692913372816,0.5516666666666666,0.8702474105422876,200.45,0.717054158809963,1.4616666666666667,0.5903647648323489,0.9966666666666667,0.05763872155263549
2300,199.82666666666665,0.454557171566151,0.0033333333333333335,0.057638721552635365,0.011666666666666667,0.10738042445229683,0.065,0.2531962348324584,0.5266666666666666,0.8578785202786863,200.43333333333334,0.715697018452795,1.4466666666666668,0.5891990797307455,1.0,0.0
2310,199.83666666666667,0.4396842301268301,0.0016666666666666668,0.040790794168401485,0.011666666666666667,0.10738042445229683,0.06166666666666667,0.24738072322277402,0.5083333333333333,0.842573768613503,200.42,0.7072953178599959,1.435,0.5794609564068977,0.9983333333333333,0.04079079416840143
2320,199.84333333333333,0.43064551031626425,0.0016666666666666668,0.040790794168401485,0.011666666666666667,0.10738042445229683,0.058333333333333334,0.24137913929933885,0.48833333333333334,0.8265574524630579,200.40333333333334,0.709921748426467,1.4183333333333332,0.5773478635584957,1.0,0.0
2330,199.85333333333332,0.41451444151226063,0.0016666666666666668,0.040790794168401485,0.011666666666666667,0.10738042445229683,0.058333333333333334,0.24137913929933885,0.47333333333333333,0.8160609998986262,200.39833333333334,0.7185614486984118,1.41,0.576107628833364,1.0,0.0
2340,199.855,0.41308796480491733,0.0016666666666666668,0.040790794168401485,0.011666666666666667,0.10738042445229683,0.055,0.23517723812761646,0.455,0.7945491384007218,200.37833333333333,0.6989496087383984,1.395,0.5677220564090611,0.9966666666666667,0.057638721552635545
2350,199.855,0.41308796480491733,0.0016666666666666668,0.040790794168401485,0.011666666666666667,0.10738042445229683,0.051666666666666666,0.22875872782378182,0.44166666666666665,0.7767006430336556,200.36166666666668,0.6714639892718623,1.385,0.5628276823326985,1.0,0.0
2360,199.86,0.4087378948258496,0.0016666666666666668,0.040790794168401485,0.011666666666666667,0.10738042445229683,0.04833333333333333,0.22210483010406676,0.42,0.7551600271907064,200.34166666666667,0.6544187412420984,1.3683333333333334,0.5591635618393664,1.0,0.0
2370,199.86333333333334,0.40577771692831144,0.0016666666666666668,0.040790794168401485,0.011666666666666667,0.10738042445229683,0.045,0.2151937111844422,0.4,0.7302967433402258,200.32166666666666,0.6257240250745999,1.355,0.5498257299666249,0.9966666666666667,0.05763872155263527
2380,199.86333333333334,0.40577771692831144,0.0016666666666666668,0.040790794168401485,0.011666666666666667,0.10738042445229683,0.045,0.2151937111844422,0.39,0.7126710321038741,200.31166666666667,0.6119890158781853,1.35,0.5484827557301465,0.9983333333333333,0.0407907941684016
2390,199.87,0.3955165398985624,0.0016666666666666668,0.040790794168401485,0.011666666666666667,0.10738042445229683,0.043333333333333335,0.21163385572466736,0.37333333333333335,0.7028197176769851,200.3,0.6110100926607763,1.3366666666666667,0.5446609546824103,0.995,0.07053367989832925
2400,199.87166666666667,0.3939507865485494,0.0016666666666666668,0.040790794168401485,0.011666666666666667,0.10738042445229683,0.043333333333333335,0.21163385572466736,0.35333333333333333,0.6671997868371624,200.28166666666667,0.5793650739291112,1.3283333333333334,0.542092140589484,1.0,0.0
2410,199.87833333333333,0.3832282464653254,0.0016666666666666668,0.040790794168401485,0.011666666666666667,0.10738042445229683,0.043333333333333335,0.21163385572466736,0.3383333333333333,0.651048299966206,200.27333333333334,0.56741127549209,1.3183333333333334,0.5388233064331546,1.0,0.0
2420,199.885,0.37653021127128977,0.0016666666666666668,0.040790794168401485,0.011666666666666667,0.10738042445229683,0.04,0.20428737928059384,0.32666666666666666,0.6402777175222907,200.265,0.566958258310669,1.3083333333333333,0.5322254117278603,1.0,0.0
2430,199.88666666666666,0.38360859682175164,0.0016666666666666668,0.040790794168401485,0.011666666666666667,0.10738042445229683,0.03666666666666667,0.19661016137411597,0.31166666666666665,0.6254576102520613,200.24833333333333,0.5354100194139915,1.295,0.5208726651815534,1.0,0.0
2440,199.89,0.380219235003527,0.0016666666666666668,0.040790794168401485,0.011666666666666667,0.10738042445229683,0.03333333333333333,0.1885618083164131,0.3,0.6218252702059229,200.23666666666668,0.5329060788627626,1.28,0.5147167505855352,0.9983333333333333,0.04079079416840141
2450,199.89666666666668,0.3549491356362052,0.0016666666666666668,0.040790794168401485,0.011666666666666667,0.10738042445229683,0.03166666666666667,0.18438335668444247,0.29,0.6158192375472984,200.23166666666665,0.5335390228360883,1.27,0.5103266927501783,0.9983333333333333,0.0407907941684015
2460,199.89666666666668,0.3549491356362052,0.0016666666666666668,0.040790794168401485,0.011666666666666667,0.10738042445229683,0.03,0.180092568789869,0.27166666666666667,0.5982172589359906,200.21166666666667,0.5068174117854383,1.255,0.49997499937496886,1.0,0.0
2470,199.89833333333334,0.3530777377418314,0.0016666666666666668,0.040790794168401485,0.011666666666666667,0.10738042445229683,0.03,0.180092568789869,0.26166666666666666,0.5801125369749872,200.20333333333335,0.49530013347688817,1.2483333333333333,0.4966526843669434,1.0,0.0
2480,199.90333333333334,0.3473550856912199,0.0016666666666666668,0.040790794168401485,0.011666666666666667,0.10738042445229683,0.02666666666666667,0.17113996870658021,0.25666666666666665,0.5780330632604191,200.2,0.4898979485566331,1.24,0.4855237721608824,1.0,0.0
2490,199.905,0.34541038393964535,0.0016666666666666668,0.040790794168401485,0.011666666666666667,0.10738042445229683,0.023333333333333334,0.16162370563200754,0.25333333333333335,0.5766184950978333,200.195,0.4868007806074254,1.2333333333333334,0.4818944098266971,1.0,0.0
2500,199.90666666666667,0.3434465832637671,0.0016666666666666668,0.040790794168401485,0.011666666666666667,0.10738042445229683,0.023333333333333334,0.16162370563200754,0.24833333333333332,0.5715451765948958,200.19166666666666,0.4812454905993646,1.23,0.4800347209664433,1.0,0.0
2510,199.90833333333333,0.34146335414246215,0.0016666666666666668,0.040790794168401485,0.011666666666666667,0.10738042445229683,0.023333333333333334,0.16162370563200754,0.24166666666666667,0.5656240408217788,200.18666666666667,0.47450559064731374,1.225,0.47718794340734466,1.0,0.0
2520,199.91166666666666,0.33246135949243,0.0016666666666666668,0.040790794168401485,0.011666666666666667,0.10738042445229683,0.023333333333333334,0.16162370563200754,0.23333333333333334,0.5587684871413389,200.18166666666667,0.4711658118138691,1.2183333333333333,0.4732834480754848,1.0,0.0
2530,199.91333333333333,0.3303869784897043,0.0016666666666666668,0.040790794168401485,0.01,0.09949874371066161,0.021666666666666667,0.15662233415306925,0.225,0.5517019122678462,200.17166666666665,0.45335477890451026,1.2083333333333333,0.45999698066641753,1.0,0.0
2540,199.91666666666666,0.3157882553582712,0.0016666666666666668,0.040790794168401485,0.008333333333333333,0.09090593428863122,0.021666666666666667,0.15662233415306925,0.22,0.5491812087098352,200.16833333333332,0.4546030014076974,1.2016666666666667,0.45570153487660103,1.0,0.0
2550,199.91666666666666,0.3157882553582712,0.0016666666666666668,0.040790794168401485,0.008333333333333333,0.09090593428863122,0.02,0.15143755588800853,0.21666666666666667,0.5444160990353711,200.16333333333333,0.4472011727275432,1.1983333333333333,0.4498116889939127,1.0,0.0
2560,199.92,0.311341184768948,0.0016666666666666668,0.040790794168401485,0.008333333333333333,0.09090593428863122,0.02,0.15143755588800853,0.21166666666666667,0.5417846025456593,200.16166666666666,0.44594157564516296,1.1933333333333334,0.44641784114088523,1.0,0.0
2570,199.925,0.2989565185775326,0.0016666666666666668,0.040790794168401485,0.008333333333333333,0.09090593428863122,0.016666666666666666,0.12801909579780915,0.21,0.5408943211632591,200.16166666666666,0.44594157564516296,1.19,0.4441095960833706,1.0,0.0
2580,199.92666666666668,0.29657301892713467,0.0016666666666666668,0.040790794168401485,0.008333333333333333,0.09090593428863122,0.016666666666666666,0.12801909579780915,0.20333333333333334,0.5310262600746661,200.15666666666667,0.44585747598183106,1.185,0.44057727282888254,0.9983333333333333,0.0407907941684016
2590,199.93166666666667,0.28342645528523974,0.0016666666666666668,0.040790794168401485,0.008333333333333333,0.09090593428863122,0.015,0.12155245781143273,0.19666666666666666,0.5208859973374393,200.15333333333334,0.4432706722634445,1.1783333333333332,0.43189183316608104,0.9983333333333333,0.040790794168401555
2600,199.935,0.2722284579784642,0.0016666666666666668,0.040790794168401485,0.006666666666666667,0.08137703743822419,0.015,0.12155245781143273,0.18833333333333332,0.5028557336740686,200.14666666666668,0.43415307080439713,1.1733333333333333,0.4242116871982133,1.0,0.0
2610,199.93666666666667,0.26954694499392123,0.0016666666666666668,0.040790794168401485,0.006666666666666667,0.08137703743822419,0.015,0.12155245781143273,0.18,0.4805552344250677,200.14,0.42079290234825406,1.17,0.42162384499297967,1.0,0.0
2620,199.94166666666666,0.25481474752367894,0.0016666666666666668,0.040790794168401485,0.006666666666666667,0.08137703743822419,0.015,0.12155245781143273,0.17333333333333334,0.4654269246855208,200.13833333333332,0.4272359483418461,1.1683333333333332,0.42031403603602235,1.0,0.0
2630,199.94333333333333,0.25190386173212054,0.0016666666666666668,0.040790794168401485,0.006666666666666667,0.08137703743822419,0.015,0.12155245781143273,0.16833333333333333,0.46187720830926204,200.135,0.4243917215655079,1.1633333333333333,0.4163198556665558,0.9983333333333333,0.0407907941684015
2640,199.94666666666666,0.23907228102721573,0.0016666666666666668,0.040790794168401485,0.006666666666666667,0.08137703743822419,0.013333333333333334,0.11469767022723558,0.16166666666666665,0.4421883711220336,200.13,0.4038564101261705,1.1583333333333334,0.40816322987528053,1.0,0.0
2650,199.94833333333332,0.2359319581762696,0.0016666666666666668,0.040790794168401485,0.006666666666666667,0.08137703743822419,0.013333333333333334,0.11469767022723558,0.15333333333333332,0.43184359308537507,200.12333333333333,0.39343219096674126,1.1516666666666666,0.40248878521298137,1.0,0.0
2660,199.94833333333332,0.2359319581762696,0.0016666666666666668,0.040790794168401485,0.006666666666666667,0.08137703743822419,0.013333333333333334,0.11469767022723558,0.14666666666666667,0.42640617047859586,200.11666666666667,0.3869395588747989,1.145,0.3966211458474345,1.0,0.0
2670,199.95,0.23273733406281552,0.0016666666666666668,0.040790794168401485,0.006666666666666667,0.08137703743822419,0.013333333333333334,0.11469767022723558,0.14166666666666666,0.4142429507212198,200.11333333333334,0.37923900408874023,1.1416666666666666,0.39361218928731895,1.0,0.0
2680,199.95166666666665,0.22948614095166886,0.0016666666666666668,0.040790794168401485,0.005,0.07053367989832912,0.013333333333333334,0.11469767022723558,0.13666666666666666,0.40577771692831577,200.10833333333332,0.36045881256470064,1.1366666666666667,0.3846932399833528,0.9983333333333333,0.04079079416840151
2690,199.955,0.2228040993040013,0.0,0.0,0.005,0.07053367989832912,0.013333333333333334,0.11469767022723558,0.13,0.39551653989856833,200.10333333333332,0.3502221517202418,1.13,0.3738538038681277,0.9983333333333333,0.04079079416840142
2700,199.955,0.2228040993040013,0.0,0.0,0.005,0.07053367989832912,0.013333333333333334,0.11469767022723558,0.12833333333333333,0.39395078654854954,200.10166666666666,0.34832535876039195,1.1283333333333334,0.3721969311474162,1.0,0.0
2710,199.95666666666668,0.2193677784503074,0.0,0.0,0.005,0.07053367989832912,0.013333333333333334,0.11469767022723558,0.12666666666666668,0.38810078874207865,200.10166666666666,0.34832535876039195,1.1283333333333334,0.3721969311474162,1.0,0.0
2720,199.96,0.21228911104120943,0.0,0.0,0.0033333333333333335,0.05763872155263576,0.01,0.09949874371066174,0.12,0.3771825375950824,200.09333333333333,0.3285659074760431,1.1183333333333334,0.3478465498207809,0.995,0.07053367989832926
2730,199.96,0.21228911104120943,0.0,0.0,0.0016666666666666668,0.04079079416840157,0.01,0.09949874371066174,0.11166666666666666,0.3685971905602226,200.08333333333334,0.3050500869620503,1.1083333333333334,0.32649230040266325,1.0,0.0
2740,199.96,0.21228911104120943,0.0,0.0,0.0016666666666666668,0.04079079416840157,0.01,0.09949874371066174,0.10666666666666667,0.34922135609890403,200.07833333333335,0.29245607457455036,1.1066666666666667,0.324482493963681,1.0,0.0
2750,199.96333333333334,0.1966101613741161,0.0,0.0,0.0016666666666666668,0.04079079416840157,0.008333333333333333,0.09090593428863078,0.10166666666666667,0.33862056772867183,200.075,0.2817356917396138,1.1016666666666666,0.313045080175717,1.0,0.0
2760,199.965,0.19263523388345294,0.0,0.0,0.0016666666666666668,0.04079079416840157,0.008333333333333333,0.09090593428863078,0.09666666666666666,0.3276007054666124,200.07166666666666,0.27054985163962536,1.0983333333333334,0.3087564664190112,0.9983333333333333,0.040790794168401416
2770,199.965,0.19263523388345294,0.0,0.0,0.0016666666666666668,0.04079079416840157,0.006666666666666667,0.08137703743822416,0.09333333333333334,0.32345358588555234,200.06666666666666,0.2624669291337283,1.0933333333333333,0.3021405118299912,1.0,0.0
2780,199.965,0.19263523388345294,0.0,0.0,0.0016666666666666668,0.04079079416840157,0.006666666666666667,0.08137703743822416,0.085,0.3126899422750895,200.05833333333334,0.2481878768639252,1.085,0.2905884833689482,1.0,0.0
2790,199.96666666666667,0.1885618083164133,0.0,0.0,0.0016666666666666668,0.04079079416840157,0.006666666666666667,0.08137703743822416,0.085,0.3126899422750895,200.06,0.25113077602449635,1.085,0.2905884833689482,1.0,0.0
2800,199.96833333333333,0.1751110758601209,0.0,0.0,0.0016666666666666668,0.04079079416840157,0.006666666666666667,0.08137703743822416,0.08166666666666667,0.3082161939649248,200.05833333333334,0.24818787686392516,1.0816666666666668,0.2857689431846824,1.0,0.0
2810,199.96833333333333,0.1751110758601209,0.0,0.0,0.0016666666666666668,0.04079079416840157,0.006666666666666667,0.08137703743822416,0.08,0.3059411708155663,200.05666666666667,0.24519833242137193,1.08,0.28331372481167616,1.0,0.0
2820,199.96833333333333,0.1751110758601209,0.0,0.0,0.0016666666666666668,0.04079079416840157,0.006666666666666667,0.08137703743822416,0.075,0.2875905654456243,200.05166666666668,0.228758727823784,1.0766666666666667,0.27830838211515435,1.0,0.0
2830,199.97,0.17058722109231952,0.0,0.0,0.0,0.0,0.006666666666666667,0.08137703743822416,0.07333333333333333,0.2851120637379101,200.05,0.23273733406281552,1.0733333333333333,0.2731706833139731,1.0,0.0
2840,199.97,0.17058722109231952,0.0,0.0,0.0,0.0,0.006666666666666667,0.08137703743822416,0.07166666666666667,0.2766415651263494,200.04833333333335,0.2221048301040656,1.0733333333333333,0.2731706833139731,1.0,0.0
2850,199.97666666666666,0.15095989165632423,0.0,0.0,0.0,0.0,0.006666666666666667,0.08137703743822416,0.07,0.2740437921208933,200.05333333333334,0.23199616855073796,1.0716666666666668,0.27054985163962375,0.9983333333333333,0.04079079416840144
2860,199.97666666666666,0.15095989165632423,0.0,0.0,0.0,0.0,0.006666666666666667,0.08137703743822416,0.06833333333333333,0.27141092256740407,200.05166666666668,0.22875872782378404,1.07,0.26789301347117295,1.0,0.0
2870,199.97833333333332,0.14559265854507258,0.0,0.0,0.0,0.0,0.006666666666666667,0.08137703743822416,0.065,0.2596953343182484,200.05,0.22546248764114502,1.0683333333333334,0.26519908664163244,1.0,0.0
2880,199.98,0.14000000000000096,0.0,0.0,0.0,0.0,0.006666666666666667,0.08137703743822416,0.06333333333333334,0.25688302569241367,200.05,0.22546248764114502,1.0666666666666667,0.26246692913372804,1.0,0.0
2890,199.98,0.14000000000000096,0.0,0.0,0.0,0.0,0.0033333333333333335,0.05763872155263556,0.06166666666666667,0.25402865105250627,200.045,0.20730412441628013,1.0616666666666668,0.24738072322277388,1.0,0.0
2900,199.98,0.14000000000000096,0.0,0.0,0.0,0.0,0.0033333333333333335,0.05763872155263556,0.058333333333333334,0.2481878768639258,200.04166666666666,0.1998263134713641,1.0583333333333333,0.2413791392993393,1.0,0.0
2910,199.98,0.14000000000000096,0.0,0.0,0.0,0.0,0.0033333333333333335,0.05763872155263556,0.051666666666666666,0.23593195817626775,200.035,0.18377975949489037,1.0516666666666667,0.22875872782378123,1.0,0.0
2920,199.98166666666665,0.1341537260840059,0.0,0.0,0.0,0.0,0.0033333333333333335,0.05763872155263556,0.04833333333333333,0.2294861409516702,200.03333333333333,0.17950549357115078,1.0483333333333333,0.2221048301040671,0.9983333333333333,0.04079079416840146
2930,199.98333333333332,0.12801909579781032,0.0,0.0,0.0,0.0,0.0033333333333333335,0.05763872155263556,0.045,0.22280409930399944,200.03166666666667,0.17511107586012092,1.045,0.21519371118444217,1.0,0.0
2940,199.985,0.12155245781143297,0.0,0.0,0.0,0.0,0.0033333333333333335,0.05763872155263556,0.043333333333333335,0.21936777845030636,200.03166666666667,0.17511107586012092,1.0433333333333332,0.21163385572466747,1.0,0.0
2950,199.985,0.12155245781143297,0.0,0.0,0.0,0.0,0.0033333333333333335,0.05763872155263556,0.043333333333333335,0.21936777845030636,200.03166666666667,0.17511107586012092,1.0433333333333332,0.21163385572466747,1.0,0.0
2960,199.985,0.12155245781143297,0.0,0.0,0.0,0.0,0.0033333333333333335,0.05763872155263556,0.041666666666666664,0.21586389744980972,200.03,0.17058722109231952,1.0416666666666667,0.2079997329058108,1.0,0.0
2970,199.985,0.12155245781143297,0.0,0.0,0.0,0.0,0.0033333333333333335,0.05763872155263556,0.04,0.21228911104120846,200.02833333333334,0.16592334240713622,1.04,0.20428737928059384,1.0,0.0
2980,199.98666666666668,0.11469767022723439,0.0,0.0,0.0,0.0,0.0033333333333333335,0.05763872155263556,0.03833333333333333,0.20863977462496522,200.02833333333334,0.16592334240713633,1.0383333333333333,0.20049244928979948,1.0,0.0
2990,199.98666666666668,0.11469767022723439,0.0,0.0,0.0,0.0,0.0033333333333333335,0.05763872155263556,0.03666666666666667,0.20491190519071692,200.02666666666667,0.16110727964792915,1.0366666666666666,0.19661016137411622,1.0,0.0
3000,199.98666666666668,0.11469767022723439,0.0,0.0,0.0,0.0,0.0016666666666666668,0.0407907941684015,0.03666666666666667,0.20491190519071692,200.025,0.15612494995995865,1.035,0.1837797594948919,1.0,0.0
3010,199.98666666666668,0.11469767022723439,0.0,0.0,0.0,0.0,0.0016666666666666668,0.0407907941684015,0.035,0.20110113541864297,200.02333333333334,0.15095989165632395,1.0333333333333334,0.1795054935711505,1.0,0.0
3020,199.98666666666668,0.11469767022723439,0.0,0.0,0.0,0.0,0.0016666666666666668,0.0407907941684015,0.03333333333333333,0.19720265943665422,200.02166666666668,0.14559265854507258,1.0316666666666667,0.17511107586012073,1.0,0.0
3030,199.98666666666668,0.11469767022723439,0.0,0.0,0.0,0.0,0.0016666666666666668,0.0407907941684015,0.03166666666666667,0.19321116829923587,200.02,0.14000000000000085,1.03,0.1705872210923198,1.0,0.0
3040,199.98666666666668,0.11469767022723439,0.0,0.0,0.0,0.0,0.0016666666666666668,0.0407907941684015,0.03,0.1891207727000585,200.01833333333335,0.13415372608400492,1.0283333333333333,0.16592334240713638,1.0,0.0
3050,199.98833333333334,0.10738042445229756,0.0,0.0,0.0,0.0,0.0,0.0,0.03,0.1891207727000585,200.01833333333335,0.14604983928630605,1.0266666666666666,0.16110727964792682,1.0,0.0
3060,199.98833333333334,0.10738042445229756,0.0,0.0,0.0,0.0,0.0,0.0,0.03,0.1891207727000585,200.01833333333335,0.14604983928630605,1.0266666666666666,0.16110727964792682,1.0,0.0
3070,199.99,0.09949874371066174,0.0,0.0,0.0,0.0,0.0,0.0,0.028333333333333332,0.18492490968558722,200.01833333333335,0.14604983928630605,1.025,0.1561249499599593,1.0,0.0
3080,199.99,0.09949874371066174,0.0,0.0,0.0,0.0,0.0,0.0,0.028333333333333332,0.18492490968558722,200.01833333333335,0.14604983928630605,1.025,0.1561249499599593,1.0,0.0
3090,199.99,0.09949874371066174,0.0,0.0,0.0,0.0,0.0,0.0,0.02666666666666667,0.1806162291219219,200.01666666666668,0.14043582955293996,1.0233333333333334,0.15095989165632198,1.0,0.0
3100,199.99,0.09949874371066174,0.0,0.0,0.0,0.0,0.0,0.0,0.02666666666666667,0.1806162291219219,200.01666666666668,0.14043582955293996,1.0233333333333334,0.15095989165632198,1.0,0.0
3110,199.99,0.09949874371066174,0.0,0.0,0.0,0.0,0.0,0.0,0.025,0.16645820296198385,200.015,0.12155245781143237,1.0233333333333334,0.15095989165632198,1.0,0.0
3120,199.99,0.09949874371066174,0.0,0.0,0.0,0.0,0.0,0.0,0.025,0.16645820296198385,200.015,0.12155245781143237,1.0233333333333334,0.15095989165632198,1.0,0.0
3130,199.99166666666667,0.09090593428863183,0.0,0.0,0.0,0.0,0.0,0.0,0.021666666666666667,0.15662233415306923,200.01333333333332,0.1146976702272346,1.02,0.1400000000000012,1.0,0.0
3140,199.99166666666667,0.09090593428863183,0.0,0.0,0.0,0.0,0.0,0.0,0.02,0.15143755588800875,200.01166666666666,0.10738042445229751,1.0183333333333333,0.13415372608400397,1.0,0.0
3150,199.99166666666667,0.09090593428863183,0.0,0.0,0.0,0.0,0.0,0.0,0.02,0.15143755588800875,200.01166666666666,0.10738042445229751,1.0183333333333333,0.13415372608400397,1.0,0.0
3160,199.99166666666667,0.09090593428863183,0.0,0.0,0.0,0.0,0.0,0.0,0.02,0.15143755588800875,200.01166666666666,0.10738042445229751,1.0183333333333333,0.13415372608400397,1.0,0.0
3170,199.99166666666667,0.09090593428863183,0.0,0.0,0.0,0.0,0.0,0.0,0.02,0.15143755588800875,200.01166666666666,0.10738042445229751,1.0183333333333333,0.13415372608400397,1.0,0.0
3180,199.99166666666667,0.09090593428863183,0.0,0.0,0.0,0.0,0.0,0.0,0.018333333333333333,0.1460498392863041,200.01,0.09949874371066184,1.0166666666666666,0.12801909579780943,1.0,0.0
3190,199.99166666666667,0.09090593428863183,0.0,0.0,0.0,0.0,0.0,0.0,0.018333333333333333,0.1460498392863041,200.01,0.09949874371066184,1.0166666666666666,0.12801909579780943,1.0,0.0
3200,199.99166666666667,0.09090593428863183,0.0,0.0,0.0,0.0,0.0,0.0,0.016666666666666666,0.14043582955293796,200.00833333333333,0.09090593428863097,1.015,0.12155245781143308,1.0,0.0
3210,199.99166666666667,0.09090593428863183,0.0,0.0,0.0,0.0,0.0,0.0,0.016666666666666666,0.14043582955293796,200.00833333333333,0.09090593428863097,1.015,0.12155245781143308,0.9983333333333333,0.04079079416840153
3220,199.99166666666667,0.09090593428863183,0.0,0.0,0.0,0.0,0.0,0.0,0.015,0.13456720749623047,200.00666666666666,0.0813770374382245,1.0133333333333334,0.11469767022723557,0.9983333333333333,0.0407907941684015
3230,199.99166666666667,0.09090593428863183,0.0,0.0,0.0,0.0,0.0,0.0,0.015,0.13456720749623047,200.00666666666666,0.0813770374382245,1.0133333333333334,0.11469767022723557,1.0,0.0
3240,199.99333333333334,0.08137703743822443,0.0,0.0,0.0,0.0,0.0,0.0,0.015,0.13456720749623047,200.00833333333333,0.09090593428863103,1.0133333333333334,0.11469767022723557,1.0,0.0
3250,199.99333333333334,0.08137703743822443,0.0,0.0,0.0,0.0,0.0,0.0,0.015,0.13456720749623047,200.00833333333333,0.09090593428863103,1.0133333333333334,0.11469767022723557,1.0,0.0
3260,199.99333333333334,0.08137703743822443,0.0,0.0,0.0,0.0,0.0,0.0,0.013333333333333334,0.12840906856172077,200.00666666666666,0.0813770374382245,1.0116666666666667,0.1073804244522968,0.9983333333333333,0.04079079416840153
3270,199.99333333333334,0.08137703743822443,0.0,0.0,0.0,0.0,0.0,0.0,0.013333333333333334,0.12840906856172077,200.00666666666666,0.0813770374382245,1.0116666666666667,0.1073804244522968,1.0,0.0
3280,199.99333333333334,0.08137703743822443,0.0,0.0,0.0,0.0,0.0,0.0,0.013333333333333334,0.12840906856172077,200.00666666666666,0.0813770374382245,1.0116666666666667,0.1073804244522968,1.0,0.0
3290,199.99333333333334,0.08137703743822443,0.0,0.0,0.0,0.0,0.0,0.0,0.013333333333333334,0.12840906856172077,200.00666666666666,0.0813770374382245,1.0116666666666667,0.1073804244522968,1.0,0.0
3300,199.99333333333334,0.08137703743822443,0.0,0.0,0.0,0.0,0.0,0.0,0.013333333333333334,0.12840906856172077,200.00666666666666,0.0813770374382245,1.0116666666666667,0.1073804244522968,1.0,0.0
3310,199.99333333333334,0.08137703743822443,0.0,0.0,0.0,0.0,0.0,0.0,0.013333333333333334,0.12840906856172077,200.00666666666666,0.0813770374382245,1.0116666666666667,0.1073804244522968,1.0,0.0
3320,199.99333333333334,0.08137703743822443,0.0,0.0,0.0,0.0,0.0,0.0,0.011666666666666667,0.1073804244522968,200.005,0.07053367989832933,1.0116666666666667,0.1073804244522968,1.0,0.0
3330,199.99333333333334,0.08137703743822443,0.0,0.0,0.0,0.0,0.0,0.0,0.011666666666666667,0.1073804244522968,200.005,0.07053367989832933,1.0116666666666667,0.1073804244522968,1.0,0.0
3340,199.995,0.07053367989832936,0.0,0.0,0.0,0.0,0.0,0.0,0.011666666666666667,0.1073804244522968,200.00666666666666,0.08137703743822441,1.0116666666666667,0.1073804244522968,1.0,0.0
3350,199.995,0.07053367989832936,0.0,0.0,0.0,0.0,0.0,0.0,0.008333333333333333,0.09090593428863059,200.00333333333333,0.05763872155263524,1.0083333333333333,0.09090593428863059,1.0,0.0
3360,199.995,0.07053367989832936,0.0,0.0,0.0,0.0,0.0,0.0,0.008333333333333333,0.09090593428863059,200.00333333333333,0.05763872155263524,1.0083333333333333,0.09090593428863059,1.0,0.0
3370,199.995,0.07053367989832936,0.0,0.0,0.0,0.0,0.0,0.0,0.008333333333333333,0.09090593428863059,200.00333333333333,0.05763872155263524,1.0083333333333333,0.09090593428863059,1.0,0.0
3380,199.995,0.07053367989832936,0.0,0.0,0.0,0.0,0.0,0.0,0.008333333333333333,0.09090593428863059,200.00333333333333,0.05763872155263524,1.0083333333333333,0.09090593428863059,1.0,0.0
3390,199.995,0.07053367989832936,0.0,0.0,0.0,0.0,0.0,0.0,0.008333333333333333,0.09090593428863059,200.00333333333333,0.05763872155263524,1.0083333333333333,0.09090593428863059,1.0,0.0
3400,199.995,0.07053367989832936,0.0,0.0,0.0,0.0,0.0,0.0,0.008333333333333333,0.09090593428863059,200.00333333333333,0.05763872155263524,1.0083333333333333,0.09090593428863059,1.0,0.0
3410,199.995,0.07053367989832936,0.0,0.0,0.0,0.0,0.0,0.0,0.008333333333333333,0.09090593428863059,200.00333333333333,0.05763872155263524,1.0083333333333333,0.09090593428863059,1.0,0.0
3420,199.995,0.07053367989832936,0.0,0.0,0.0,0.0,0.0,0.0,0.008333333333333333,0.09090593428863059,200.00333333333333,0.05763872155263524,1.0083333333333333,0.09090593428863059,1.0,0.0
3430,199.995,0.07053367989832936,0.0,0.0,0.0,0.0,0.0,0.0,0.008333333333333333,0.09090593428863059,200.00333333333333,0.05763872155263524,1.0083333333333333,0.09090593428863059,1.0,0.0
3440,199.995,0.07053367989832936,0.0,0.0,0.0,0.0,0.0,0.0,0.008333333333333333,0.09090593428863059,200.00333333333333,0.05763872155263524,1.0083333333333333,0.09090593428863059,1.0,0.0
3450,199.995,0.07053367989832936,0.0,0.0,0.0,0.0,0.0,0.0,0.008333333333333333,0.09090593428863059,200.00333333333333,0.05763872155263524,1.0083333333333333,0.09090593428863059,1.0,0.0
3460,199.995,0.07053367989832936,0.0,0.0,0.0,0.0,0.0,0.0,0.008333333333333333,0.09090593428863059,200.00333333333333,0.05763872155263524,1.0083333333333333,0.09090593428863059,1.0,0.0
3470,199.995,0.07053367989832936,0.0,0.0,0.0,0.0,0.0,0.0,0.008333333333333333,0.09090593428863059,200.00333333333333,0.05763872155263524,1.0083333333333333,0.09090593428863059,1.0,0.0
3480,199.995,0.07053367989832936,0.0,0.0,0.0,0.0,0.0,0.0,0.008333333333333333,0.09090593428863059,200.00333333333333,0.05763872155263524,1.0083333333333333,0.09090593428863059,1.0,0.0
3490,199.995,0.07053367989832936,0.0,0.0,0.0,0.0,0.0,0.0,0.008333333333333333,0.09090593428863059,200.00333333333333,0.05763872155263524,1.0083333333333333,0.09090593428863059,1.0,0.0
3500,199.995,0.07053367989832936,0.0,0.0,0.0,0.0,0.0,0.0,0.008333333333333333,0.09090593428863059,200.00333333333333,0.05763872155263524,1.0083333333333333,0.09090593428863059,1.0,0.0
3510,199.995,0.07053367989832936,0.0,0.0,0.0,0.0,0.0,0.0,0.006666666666666667,0.08137703743822429,200.00166666666667,0.04079079416840143,1.0066666666666666,0.08137703743822429,1.0,0.0
3520,199.99666666666667,0.05763872155263564,0.0,0.0,0.0,0.0,0.0,0.0,0.005,0.07053367989832918,200.00166666666667,0.04079079416840157,1.005,0.07053367989832918,1.0,0.0
3530,199.99666666666667,0.05763872155263564,0.0,0.0,0.0,0.0,0.0,0.0,0.005,0.07053367989832918,200.00166666666667,0.04079079416840157,1.005,0.07053367989832918,1.0,0.0
3540,199.99666666666667,0.05763872155263564,0.0,0.0,0.0,0.0,0.0,0.0,0.005,0.07053367989832918,200.00166666666667,0.04079079416840157,1.005,0.07053367989832918,1.0,0.0
3550,199.99666666666667,0.05763872155263564,0.0,0.0,0.0,0.0,0.0,0.0,0.005,0.07053367989832918,200.00166666666667,0.04079079416840157,1.005,0.07053367989832918,1.0,0.0
3560,199.99666666666667,0.05763872155263564,0.0,0.0,0.0,0.0,0.0,0.0,0.005,0.07053367989832918,200.00166666666667,0.04079079416840157,1.005,0.07053367989832918,1.0,0.0
3570,199.99833333333333,0.04079079416840157,0.0,0.0,0.0,0.0,0.0,0.0,0.005,0.07053367989832918,200.00333333333333,0.05763872155263565,1.005,0.07053367989832918,1.0,0.0
3580,199.99833333333333,0.04079079416840157,0.0,0.0,0.0,0.0,0.0,0.0,0.005,0.07053367989832918,200.00333333333333,0.05763872155263565,1.005,0.07053367989832918,1.0,0.0
3590,199.99833333333333,0.04079079416840157,0.0,0.0,0.0,0.0,0.0,0.0,0.005,0.07053367989832918,200.00333333333333,0.05763872155263565,1.005,0.07053367989832918,1.0,0.0
3600,199.99833333333333,0.04079079416840157,0.0,0.0,0.0,0.0,0.0,0.0,0.005,0.07053367989832918,200.00333333333333,0.05763872155263565,1.005,0.07053367989832918,1.0,0.0
3610,199.99833333333333,0.04079079416840157,0.0,0.0,0.0,0.0,0.0,0.0,0.005,0.07053367989832918,200.00333333333333,0.05763872155263565,1.005,0.07053367989832918,1.0,0.0
3620,199.99833333333333,0.04079079416840157,0.0,0.0,0.0,0.0,0.0,0.0,0.005,0.07053367989832918,200.00333333333333,0.05763872155263565,1.005,0.07053367989832918,1.0,0.0
3630,199.99833333333333,0.04079079416840157,0.0,0.0,0.0,0.0,0.0,0.0,0.005,0.07053367989832918,200.00333333333333,0.05763872155263565,1.005,0.07053367989832918,1.0,0.0
3640,199.99833333333333,0.04079079416840157,0.0,0.0,0.0,0.0,0.0,0.0,0.005,0.07053367989832918,200.00333333333333,0.05763872155263565,1.005,0.07053367989832918,1.0,0.0
3650,200.0,0.0,0.0,0.0,0.0,0.0,0.0,0.0,0.005,0.07053367989832918,200.005,0.07053367989832936,1.005,0.07053367989832918,1.0,0.0
3660,200.0,0.0,0.0,0.0,0.0,0.0,0.0,0.0,0.005,0.07053367989832918,200.005,0.07053367989832936,1.005,0.07053367989832918,1.0,0.0
3670,200.0,0.0,0.0,0.0,0.0,0.0,0.0,0.0,0.005,0.07053367989832918,200.005,0.07053367989832936,1.005,0.07053367989832918,1.0,0.0
3680,200.0,0.0,0.0,0.0,0.0,0.0,0.0,0.0,0.005,0.07053367989832918,200.005,0.07053367989832936,1.005,0.07053367989832918,1.0,0.0
3690,200.0,0.0,0.0,0.0,0.0,0.0,0.0,0.0,0.005,0.07053367989832918,200.005,0.07053367989832936,1.005,0.07053367989832918,1.0,0.0
3700,200.0,0.0,0.0,0.0,0.0,0.0,0.0,0.0,0.005,0.07053367989832918,200.005,0.07053367989832936,1.005,0.07053367989832918,1.0,0.0
3710,200.0,0.0,0.0,0.0,0.0,0.0,0.0,0.0,0.005,0.07053367989832918,200.005,0.07053367989832936,1.005,0.07053367989832918,1.0,0.0
3720,200.0,0.0,0.0,0.0,0.0,0.0,0.0,0.0,0.005,0.07053367989832918,200.005,0.07053367989832936,1.005,0.07053367989832918,1.0,0.0
3730,200.0,0.0,0.0,0.0,0.0,0.0,0.0,0.0,0.005,0.07053367989832918,200.005,0.07053367989832936,1.005,0.07053367989832918,1.0,0.0
3740,200.0,0.0,0.0,0.0,0.0,0.0,0.0,0.0,0.005,0.07053367989832918,200.005,0.07053367989832936,1.005,0.07053367989832918,1.0,0.0
3750,200.0,0.0,0.0,0.0,0.0,0.0,0.0,0.0,0.0033333333333333335,0.05763872155263554,200.00333333333333,0.05763872155263565,1.0033333333333334,0.05763872155263553,1.0,0.0
3760,200.0,0.0,0.0,0.0,0.0,0.0,0.0,0.0,0.0033333333333333335,0.05763872155263554,200.00333333333333,0.05763872155263565,1.0033333333333334,0.05763872155263553,1.0,0.0
3770,200.0,0.0,0.0,0.0,0.0,0.0,0.0,0.0,0.0033333333333333335,0.05763872155263554,200.00333333333333,0.05763872155263565,1.0033333333333334,0.05763872155263553,1.0,0.0
3780,200.0,0.0,0.0,0.0,0.0,0.0,0.0,0.0,0.0033333333333333335,0.05763872155263554,200.00333333333333,0.05763872155263565,1.0033333333333334,0.05763872155263553,1.0,0.0
3790,200.0,0.0,0.0,0.0,0.0,0.0,0.0,0.0,0.0033333333333333335,0.05763872155263554,200.00333333333333,0.05763872155263565,1.0033333333333334,0.05763872155263553,1.0,0.0
3800,200.0,0.0,0.0,0.0,0.0,0.0,0.0,0.0,0.0033333333333333335,0.05763872155263554,200.00333333333333,0.05763872155263565,1.0033333333333334,0.05763872155263553,1.0,0.0
3810,200.0,0.0,0.0,0.0,0.0,0.0,0.0,0.0,0.0033333333333333335,0.05763872155263554,200.00333333333333,0.05763872155263565,1.0033333333333334,0.05763872155263553,1.0,0.0
3820,200.0,0.0,0.0,0.0,0.0,0.0,0.0,0.0,0.0033333333333333335,0.05763872155263554,200.00333333333333,0.05763872155263565,1.0033333333333334,0.05763872155263553,1.0,0.0
3830,200.0,0.0,0.0,0.0,0.0,0.0,0.0,0.0,0.0033333333333333335,0.05763872155263554,200.00333333333333,0.05763872155263565,1.0033333333333334,0.05763872155263553,1.0,0.0
3840,200.0,0.0,0.0,0.0,0.0,0.0,0.0,0.0,0.0033333333333333335,0.05763872155263554,200.00333333333333,0.05763872155263565,1.0033333333333334,0.05763872155263553,1.0,0.0
3850,200.0,0.0,0.0,0.0,0.0,0.0,0.0,0.0,0.0033333333333333335,0.05763872155263554,200.00333333333333,0.05763872155263565,1.0033333333333334,0.05763872155263553,1.0,0.0
3860,200.0,0.0,0.0,0.0,0.0,0.0,0.0,0.0,0.0033333333333333335,0.05763872155263554,200.00333333333333,0.05763872155263565,1.0033333333333334,0.05763872155263553,1.0,0.0
3870,200.0,0.0,0.0,0.0,0.0,0.0,0.0,0.0,0.0033333333333333335,0.05763872155263554,200.00333333333333,0.05763872155263565,1.0033333333333334,0.05763872155263553,1.0,0.0
3880,200.0,0.0,0.0,0.0,0.0,0.0,0.0,0.0,0.0033333333333333335,0.05763872155263554,200.00333333333333,0.05763872155263565,1.0033333333333334,0.05763872155263553,1.0,0.0
3890,200.0,0.0,0.0,0.0,0.0,0.0,0.0,0.0,0.0016666666666666668,0.04079079416840153,200.00166666666667,0.04079079416840157,1.0016666666666667,0.04079079416840153,1.0,0.0
3900,200.0,0.0,0.0,0.0,0.0,0.0,0.0,0.0,0.0016666666666666668,0.04079079416840153,200.00166666666667,0.04079079416840157,1.0016666666666667,0.04079079416840153,1.0,0.0
3910,200.0,0.0,0.0,0.0,0.0,0.0,0.0,0.0,0.0016666666666666668,0.04079079416840153,200.00166666666667,0.04079079416840157,1.0016666666666667,0.04079079416840153,1.0,0.0
3920,200.0,0.0,0.0,0.0,0.0,0.0,0.0,0.0,0.0016666666666666668,0.04079079416840153,200.00166666666667,0.04079079416840157,1.0016666666666667,0.04079079416840153,1.0,0.0
3930,200.0,0.0,0.0,0.0,0.0,0.0,0.0,0.0,0.0016666666666666668,0.04079079416840153,200.00166666666667,0.04079079416840157,1.0016666666666667,0.04079079416840153,1.0,0.0
3940,200.0,0.0,0.0,0.0,0.0,0.0,0.0,0.0,0.0016666666666666668,0.04079079416840153,200.00166666666667,0.04079079416840157,1.0016666666666667,0.04079079416840153,1.0,0.0
3950,200.0,0.0,0.0,0.0,0.0,0.0,0.0,0.0,0.0016666666666666668,0.04079079416840153,200.00166666666667,0.04079079416840157,1.0016666666666667,0.04079079416840153,1.0,0.0
3960,200.0,0.0,0.0,0.0,0.0,0.0,0.0,0.0,0.0016666666666666668,0.04079079416840153,200.00166666666667,0.04079079416840157,1.0016666666666667,0.04079079416840153,1.0,0.0
3970,200.0,0.0,0.0,0.0,0.0,0.0,0.0,0.0,0.0016666666666666668,0.04079079416840153,200.00166666666667,0.04079079416840157,1.0016666666666667,0.04079079416840153,1.0,0.0
3980,200.0,0.0,0.0,0.0,0.0,0.0,0.0,0.0,0.0016666666666666668,0.04079079416840153,200.00166666666667,0.04079079416840157,1.0016666666666667,0.04079079416840153,1.0,0.0
3990,200.0,0.0,0.0,0.0,0.0,0.0,0.0,0.0,0.0016666666666666668,0.04079079416840153,200.00166666666667,0.04079079416840157,1.0016666666666667,0.04079079416840153,1.0,0.0
